11,HAET
10,VOLE
9,WINY
8,DUKE
6,RULY
6,IDES
5,PYAS
9,ALEF
8,PUJA
7,LWEI
12,ALMS
8,HAND
8,TOWN
11,AXEL
13,EARS
10,POIS
6,BRIE
7,GOER
10,FALX
8,NOUS
12,PORN
8,MOBS
12,BLED
6,INCH
12,LOGS
13,BOPS
10,AZON
7,FUCK
10,UNTO
7,KNOT
9,YANK
5,IKAT
14,LOTA
7,WOKS
7,WAIF
8,MARK
8,TOLE
8,WHAT
10,TOFU
15,ERNS
7,PYRE
9,FADO
7,GLED
10,FATE
10,BLUR
9,CHUG
8,HOMA
5,JUKE
10,CORD
8,GOJI
11,BADS
7,CORK
10,HUTS
11,HIKE
11,RAPT
7,WHYS
11,LUVS
10,ULAN
8,SUMP
8,WONK
7,ALIT
7,WALE
8,SILO
10,SPEC
9,MOKE
9,HULA
7,WOES
9,DUEL
10,AHIS
9,PILE
8,FORB
12,ALEC
6,FATS
8,DOUT
6,DOHS
12,ANTI
7,GREY
8,FOGS
10,PADS
8,KEYS
11,LUBE
15,MADS
9,SEGO
9,SLAT
11,DELS
9,MICA
12,MUNS
8,BRIE
11,ECOS
5,DOES
8,DORK
9,WANY
10,BUST
10,EMOS
11,BUSK
9,GLOW
9,GAIN
10,SUER
15,ECOS
9,ALES
5,SWAB
9,JEAN
8,TREY
6,TACO
5,DOES
7,DORK
6,HOLY
11,MURE
10,CUED
10,GORM
6,LEUD
13,AKIN
9,MOPS
10,GALS
9,LAUD
12,WAGE
11,LOBE
6,OCAS
8,CEDI
11,KING
9,HUBS
8,ATOP
8,WIND
9,FUZE
7,ROMP
10,DIAL
11,ORGS
5,OPAS
7,LOCI
13,WOGS
15,TOSH
10,GLOB
8,CALF
7,DUBS
6,WOAD
11,BOLD
8,JURA
10,NOIL
10,RIBS
12,FORT
15,SOFT
7,REST
8,TAPS
10,SOWN
10,PUJA
8,ABED
8,GOAD
10,YAGE
13,HALO
8,AGLY
6,TONE
8,ACNE
7,OKRA
4,MUTE
9,SPAM
8,YOUS
6,PUGH
9,ELHI
15,CADE
6,WELT
8,BOWS
8,HOWS
7,THIN
8,SPRY
8,VLOG
7,ZIGS
13,ACED
9,LAMS
5,KELT
8,CHEM
15,NEAP
11,TORI
7,PANE
10,SCAD
5,SING
8,AWNS
11,HANG
5,CARN
10,FIRM
8,YOGH
7,DOAT
7,CRAG
12,WARE
9,PERV
7,JAUK
10,MORE
9,SICE
8,CAPO
9,KENS
11,BLEW
11,TRAM
11,WIND
8,MILO
5,MAUL
9,ILEX
11,TICS
3,KILN
10,POTS
10,FANG
5,UNDO
9,DOAT
9,SARD
10,ENOL
12,TEAL
2,TEPA
11,EDHS
6,DONG
6,MAUT
8,VOWS
11,DELF
6,NARD
14,NOME
8,RING
9,COPY
7,COXA
6,TOMB
7,AMUS
9,VOTE
19,TEDS
6,SLIP
8,GRAT
10,FILO
7,RAFT
7,BOLA
9,FRAE
5,KNOB
10,ROTE
11,BOYS
7,WENS
8,IDLY
9,GAME
10,TOES
9,BLOG
8,RUCK
9,OVER
10,ZEAL
9,BOWS
6,YECH
8,EMUS
7,PAID
13,BAGS
6,COPS
4,HISN
8,LONG
10,FANS
12,PLEX
10,SWUM
9,NAVE
6,THRO
8,OILY
16,PEAS
8,PERM
8,OXIM
12,KINE
6,URIC
8,RAGE
7,WYNS
7,INRO
12,JUGS
9,RUBY
11,CARB
9,WARS
9,RING
11,DIET
6,YOCK
8,TACH
10,LARD
10,CAPO
7,URDS
7,GNAT
10,HAVE
8,AIRN
6,DOHS
11,SAGO
10,HADE
7,FUCI
9,EVIL
11,KERF
7,LAKY
9,ODIC
11,SHAT
8,PERC
9,LEVY
6,DIGS
9,CAMS
10,TARE
8,NOSE
11,CYAN
11,KILO
8,GARS
8,GEAN
8,NOSH
7,MUTS
6,HIND
10,HOLT
6,ZAGS
7,DAPS
10,PULA
12,PROS
9,BUDS
9,BRIM
6,RAZE
10,RUNS
8,MOLD
8,SEND
7,FUNK
6,PARE
8,DOIT
8,ORYX
7,DUST
10,READ
10,HOSE
6,YONI
7,MILD
11,PISH
9,KHAF
9,LWEI
16,ETNA
11,KIDS
11,GITE
10,GIRL
5,SHUL
8,BADE
5,GLOB
6,BONK
8,DURE
8,APSE
8,WHIP
13,RAGI
11,PAWN
4,MINK
8,EMUS
8,DEFT
9,STEP
14,KRAY
8,AGED
11,TAIL
7,TREK
11,DONA
8,MIGS
11,LAME
9,STIR
6,MASH
8,SARD
9,PAWN
7,BAUD
12,GUNS
5,SEND
10,FAZE
3,DEFT
7,KIVA
5,EBON
11,SHAG
8,EMIR
14,BATE
12,GRAB
7,TWIN
10,HUNT
9,BLAT
7,MAWN
8,TORS
10,DEVI
12,MITE
8,SUMO
7,RUST
4,NUDE
6,RUKH
10,CALF
2,WIPE
8,SYBO
8,POEM
12,BOAR
7,GUNK
14,NAGS
9,PICA
12,PRAT
14,SARD
8,BLOG
6,WADI
7,EYRA
8,MAUT
8,LORD
6,GYNO
9,FROW
8,UNDO
7,RUBY
9,PLUG
8,DOWN
11,STUM
9,FROG
7,DIBS
10,MANE
9,BOLD
12,STEW
7,LOPS
9,CULT
6,GAOL
9,NIXY
10,HAEM
12,AWRY
9,GOTH
8,HUES
9,BOAS
9,RHOS
8,FUZE
9,VIDE
8,DUEL
5,MIND
11,MALT
9,JUNK
8,GROK
9,CLOP
8,DISK
10,JUGA
10,BILK
7,LITS
8,JOUK
10,BIOS
8,WISE
7,LOTS
10,OVEN
6,IONS
9,PEAK
14,ACES
4,COUP
15,MODS
11,BITE
7,LARD
5,SULK
13,ROVE
14,JADE
11,GIDS
7,JOWL
12,FARE
8,LENO
9,DARE
8,CAGY
8,PURS
9,JANE
10,LIEN
6,HAIK
9,PUGH
5,CASH
10,ACHE
14,TORN
5,PLOD
10,WARD
7,HILA
15,MEAD
7,BUSK
10,OATH
7,DEFT
9,SULK
6,RASH
8,RIGS
6,YUTZ
9,LIBS
11,ZONA
8,CINE
15,TAWS
10,DUGS
10,TARE
8,AMIR
14,HARE
13,FIAR
13,MILE
12,KIND
7,OIKS
6,TORN
10,ONLY
7,MICK
15,FETS
7,SURA
7,SKID
6,FIST
10,DONS
11,CORF
8,HARK
7,PINT
11,RELY
8,FIAT
6,AERO
7,TECS
6,TWAS
10,KUDO
10,KOBS
7,HUNK
10,EGOS
8,PILY
7,PATS
8,LAMP
10,TEAS
10,NOES
9,YOGH
14,REND
9,HEAL
9,ULNA
11,KOBS
10,ORCA
8,LURE
9,SINE
9,JARL
4,DOTY
9,MAKI
9,KEGS
10,WEAL
11,BLAT
9,DUMA
13,ARMY
11,ZONA
11,PAYS
9,AUNT
6,FIDS
8,FUBS
8,SKAT
10,WITS
7,HERO
6,ROSY
9,WHIR
8,LOAD
9,URBS
10,WILT
7,DOME
9,PYRE
6,DONS
6,XYST
9,HAPS
11,TRAP
10,POSE
7,CONI
9,JUGA
8,OARS
12,TAUS
8,MUTS
7,PIED
7,YELP
11,OAFS
7,POSY
12,BLAW
8,ODAH
7,WARD
7,PITS
8,BETA
12,PAKS
8,FILK
8,AMPS
10,SALT
12,ARSE
7,MOLE
12,APER
8,BUNS
8,IDLY
10,RIMS
6,DOIT
7,JOSH
8,DREG
7,HOME
9,COPY
5,SWOP
6,KAON
4,RACE
9,PUCE
11,VERB
10,DELI
13,OYER
12,QADI
10,CUBS
9,RUIN
11,EMYD
7,AVID
4,KORS
7,SCAB
12,FLAK
9,PADS
8,CUIF
7,TOSH
14,RICE
8,MICS
7,GLAM
12,GNAR
8,SKIT
8,DOTS
8,FRIG
10,LIME
7,MOSH
7,MESA
8,FEST
10,WIRE
9,DAWT
4,PINA
11,CLOG
8,NOGS
7,YIPE
7,KENO
9,WICK
11,CORY
9,NAYS
9,PALM
10,FAKE
14,ANTS
7,AGON
7,ALOE
8,FENS
10,QUOD
5,LYSE
9,TREF
7,ODAS
12,WAME
14,PLIE
7,POME
8,PUNY
6,TREK
7,MOTS
14,PICS
9,HOSE
14,DOZE
7,BLOT
7,HART
8,SCUP
8,CIRE
6,FOYS
8,KNAR
10,JOWS
9,DARN
7,KEIR
7,SUGH
6,FRUG
6,UTAS
8,HOKE
10,MECH
8,ENUF
10,SIAL
11,HARL
9,CHEM
7,PONG
9,THIN
8,PFUI
12,TAEL
10,EGAD
11,SILD
12,TARO
6,NAOS
5,ARTY
7,SUBA
4,PERM
8,SNAP
5,GAUM
18,TARE
8,LUST
9,APES
13,LIVE
8,MODS
8,SECT
6,BUNS
12,CLIT
9,NEWB
11,MORS
9,AERY
8,SING
10,MUNS
12,KORS
10,BUYS
6,LEFT
9,SAWN
12,GASH
10,DIRE
9,DEPS
6,MICA
8,MESH
9,NEUK
15,PAKS
6,LICH
10,ACHY
13,PINT
9,MISO
8,KIFS
13,OATY
8,OWLS
10,FRAG
4,RIPE
8,PAMS
9,NYAH
9,WHID
10,LIBS
8,FAYS
5,LOTS
8,BING
11,ROBS
5,GOYS
7,SCUD
9,DEIL
9,RIPE
11,KEFS
5,CONE
8,CARD
9,EMOS
8,CARS
10,LEUD
10,BOTH
10,PILE
9,PRAT
6,LARI
10,SKID
13,HITS
7,JOTS
10,TURK
15,JABS
6,ZANY
9,HORN
9,SAND
12,ROPE
13,GABS
8,WETS
13,REBS
10,CALS
7,MOLA
7,UNDE
9,BILK
5,SHOD
9,MEWL
7,FOHN
6,DASH
9,SLAT
8,BAMS
9,BURD
5,NOEL
13,BORE
9,AGON
13,COED
10,CZAR
9,DISK
11,GORY
8,MICK
8,PITY
6,MAKE
11,SHIT
10,INBY
9,STAR
9,BEAU
12,TILS
9,CHOP
11,JOLT
6,LUMP
8,RUNS
10,MOSK
8,WITH
7,WENT
9,SILO
8,AIDS
15,NARD
10,SIGH
7,UMPH
10,HUNG
10,RATO
8,BOSK
9,ACED
9,SKUA
7,HENT
8,RUDE
8,ECRU
11,JATO
11,YUAN
7,ELMY
9,RAZE
6,READ
10,ROTA
10,BOGY
7,CURB
10,CREW
9,ILKS
5,GRAT
10,RIBS
6,OPAL
8,PIER
7,OWLY
8,RIVE
6,MOCK
5,NERD
5,RIFT
11,TEAL
7,PATH
7,CAYS
11,BEAN
9,SINH
9,FUDS
10,KOIS
10,BIND
8,TIRO
7,KIND
9,BELT
11,JOGS
7,MIRK
10,SMUT
6,NAPS
11,WHID
10,MOLE
11,KITE
7,WADE
11,RAZE
10,ELAN
10,DELI
9,BAST
6,FANG
14,HERO
9,PURI
10,VALE
10,SOLI
7,PREZ
14,RINS
4,MAGI
11,HADJ
14,ADOS
8,DINT
6,LATI
7,BARK
4,FEHS
17,TEPA
11,LEAD
5,POST
11,CASK
10,TURK
13,NUGS
10,CAYS
8,WILY
8,EXON
10,ZITS
6,CAMS
9,LANE
9,HERO
14,FARD
8,SAKI
7,DRAG
8,TINS
10,SNOW
11,CROP
11,STYE
13,WARS
13,TOWS
9,UGHS
9,WAVY
7,LOUD
10,MORT
7,PAIN
6,ACRE
10,SOLE
8,SUPE
9,PUBS
10,KNOP
8,MUTS
11,NEWT
8,JATO
9,NUMB
8,COAX
7,DOUR
8,HUES
13,SWAP
7,RAKI
7,BRAE
7,RATO
4,NURD
6,BEVY
8,JERK
10,FRAT
13,WOGS
8,GRUM
15,KORE
12,YOWS
13,ROSY
9,PUCK
10,OGRE
10,DARN
12,ABYE
12,HIED
10,EARL
10,SUGH
9,YETI
12,KNIT
10,AGES
8,NUGS
9,BROS
7,OPAL
8,JIAO
8,JOCK
6,ASHY
8,SPOT
10,STOA
9,AWNS
8,BUHL
8,SEIF
7,VANS
11,LAMS
6,LOWS
9,FOCI
10,MOSK
9,ETIC
12,TIDE
9,WAVE
9,ORGS
16,PEAL
6,PYRE
8,TAEL
9,URSA
10,TILE
9,BRIM
4,WEDS
7,CHAY
12,PAMS
9,TERM
13,AFRO
9,GLUM
6,COLS
8,DIKE
11,PASE
7,FIBS
8,BUST
9,URBS
11,CZAR
9,WATS
8,NABE
11,BEAD
7,TWAE
14,HOGS
8,VETO
7,WADS
8,LOTH
8,URBS
10,GIRD
7,KINA
9,POET
10,SOJA
5,DALS
11,CRAP
13,DOLE
14,HART
7,TYRO
11,BOXY
8,RAIN
9,GOBY
14,ACRO
12,SOLD
11,JEST
7,SOUR
6,AHED
6,HYMN
9,HOLP
7,RUSH
9,DOLS
8,DORK
6,MAUD
6,SCUP
7,DECO
7,KAIN
6,PULA
8,LEVS
9,TANG
9,KIRS
10,RALE
6,TOLD
9,JIVE
8,CHAI
9,ONYX
9,CEPS
11,ONUS
8,WIGS
8,DIGS
9,MAKI
10,TEAL
9,EROS
9,TEMP
7,JUGA
8,MOTH
10,LONE
10,WIFE
12,LAZY
9,LIDO
7,GYRO
7,CALO
9,MENU
10,HAWS
9,TASE
8,ULAN
8,ACID
8,DISC
9,PEDS
8,FOAM
8,WHUP
8,COIF
11,PIES
11,VEAL
8,ROTA
13,BRIE
6,LIFT
9,SIMP
6,CUIF
7,FLAP
14,WITS
10,MEWL
10,BRAE
7,TOPE
11,RAGI
9,BLAM
9,DIRT
8,LAIR
10,YOWL
9,PAWL
6,OBEY
6,UNCI
10,JAKE
10,CAPS
7,MEAN
7,OHMS
8,ARBS
11,CIST
8,VARY
8,KNOP
4,ABED
10,NAIF
10,BYES
9,GARB
9,BISK
13,GRAT
11,SOMA
6,PINA
7,BULK
9,ABYE
8,RAPT
7,SPIC
8,HYPS
9,BLAW
6,AXES
8,BUOY
16,DATE
9,REDS
9,GINK
7,AIRY
8,PROF
11,GAUR
11,TASE
11,THAN
8,INCH
12,CODS
8,CINQ
8,LOWN
11,UTAS
7,WONT
6,LEHR
9,YALD
9,BLAT
7,PRIG
11,IZAR
8,LIME
16,KALE
8,TIYN
7,TYPO
12,LOSE
15,TEAS
9,AWNS
12,LOAN
12,ZOEA
8,JOUK
9,CLON
6,BORN
10,TOWN
7,KEIR
5,KYAT
8,STEM
8,COLT
8,VAGI
8,CLAG
8,WARK
9,JOIN
10,FLAM
8,CEIL
7,LIRA
6,GYBE
6,DUEL
8,YETI
8,AMIR
9,DAMP
5,MANO
12,LOVE
10,HEMS
7,BIZE
7,MUNG
8,BIRK
9,TYNE
9,BULK
11,SARD
7,PLOW
10,RATS
7,RAPE
11,JUPE
10,BEYS
8,DEFI
10,PEAK
9,DRUB
11,SOWN
9,TALE
8,IMPS
10,GANE
10,PIRN
8,ELAN
5,HERO
10,PION
4,MEWL
11,LEGS
10,YANG
10,ORBY
5,RELY
8,KAIN
8,HOMS
16,FEAR
10,PUDS
7,DORM
8,HYPS
12,ABLY
8,GYPO
9,HOTS
9,WREN
7,LOTH
6,RIDE
7,UMBO
8,AGIN
9,MOTS
6,SIKE
9,PRAY
6,RAIS
11,RUGS
11,CUES
8,DOZE
7,AGED
11,CRIT
9,LAMB
6,YUPS
9,HERO
6,LIKE
12,RAIL
9,OXER
16,AERY
5,HENT
9,NOWT
14,WALE
10,PINA
10,DUCE
7,DOUT
9,CIGS
8,FOND
10,INRO
8,INRO
16,TEDS
10,GAUN
12,ARID
9,STEW
9,BLIN
13,ZEDA
8,HILT
7,SAND
8,ZEPS
9,PATH
11,GIPS
6,STUD
9,TACE
11,CADS
9,LEHR
8,ORLE
12,RETS
7,BONK
7,CORD
7,PYRO
6,INBY
10,MICK
12,LORE
9,HAWS
13,TIES
9,APES
8,ZEKS
13,NAVE
7,LING
8,FLOE
8,BLEW
7,POGY
14,DIEL
10,PUSH
8,EYRA
8,VEIN
10,VOLK
11,MOSH
9,GIPS
6,YAUD
8,LOGY
8,THRO
9,FLAB
9,GADI
9,PADI
11,NIXE
8,GLOM
7,FOAL
9,FRIT
9,OKES
9,DAWS
9,FAVE
8,SWAT
15,EPOS
12,RIOT
13,FAME
8,LUES
5,GAEN
8,ERUV
8,LABS
12,POKE
5,DALS
8,HOWF
7,ABET
6,TING
8,IOTA
7,SUED
12,LANE
9,KAPU
7,GYVE
7,HOPS
7,SYPH
10,PROM
7,GUVS
9,CLIT
6,GRUM
9,KARN
8,BORE
13,BIDE
8,EGIS
9,LIST
9,SICE
7,ICKY
14,DURA
6,YORE
11,ENOW
7,URBS
7,WATS
7,MICS
8,TOBY
10,FADS
6,SILO
8,TROU
6,NARY
8,LAND
10,BEDU
7,KNEW
7,IGLU
15,SWAT
8,PALY
9,KEMP
10,TEDS
10,BARM
9,SCAT
5,CONI
11,PAIN
8,AWED
9,ISLE
9,MOSK
10,POND
9,DITS
8,LICK
6,GORY
12,VENA
6,KALE
8,PITH
6,HIST
10,FOHN
9,OWSE
7,ELAN
8,BREN
9,OHMS
7,COIL
14,BRAY
11,BUNS
5,MESA
8,FOND
10,LEAK
7,KAYO
7,FLUE
7,POTS
8,PHOT
6,VENT
8,SHAG
8,PURE
9,WAND
10,REMS
8,GAWK
11,KOAS
7,WAXY
11,CASK
10,FOCI
5,MANE
9,TORY
8,SORT
9,HEAL
4,ASCI
9,ZEAL
6,KIRS
9,AWRY
18,AERO
9,LARK
10,TIRO
9,URIC
6,STEY
7,SKEW
8,WETS
10,TILS
14,PIGS
7,FOES
6,TUGS
8,UNDE
6,LEUD
10,KYAR
8,HAPS
10,FELT
9,WEND
10,YUKS
10,FLAW
4,YODH
8,DOSH
13,BIDE
9,LOGE
7,VIMS
7,BUGS
8,WHIP
7,ETNA
6,COIR
4,PRAM
10,DREG
7,SLEW
12,LIRA
6,SHEN
12,NAYS
9,TOWY
12,HEMS
9,TWIN
9,BARK
10,YURT
9,DUCT
5,WYND
11,GINS
6,DOLS
9,FLOG
14,BADS
10,RAGI
8,ZONK
9,LINK
6,HWYL
12,BRUX
10,LIMY
10,DOGE
11,WILT
9,OWNS
8,KNIT
7,PHUT
5,KNIT
7,PONG
6,WARY
7,CHUM
8,WALK
6,OLEA
12,TUNE
8,ERST
12,AVOS
6,DOPY
8,LEVY
10,POUR
10,TREK
10,DRAW
15,RECS
8,CUBS
8,LECH
6,YOLK
9,KANE
8,PROF
10,SICE
7,FYKE
13,DOGS
11,TYRO
5,NARK
9,DOLS
6,LOWE
8,GIED
6,GAMB
7,CLOT
5,OLDS
8,SAME
8,IDLE
10,SUMI
6,FUCK
14,VEAL
6,KHET
7,EMUS
9,MITY
10,VETS
8,GENU
8,LIPA
11,IRES
6,TUBS
7,DERM
8,TUBA
10,RUTH
9,BODE
9,BERG
7,ZEST
7,SPUN
8,OAKS
10,WHEY
10,JOLT
8,VINY
6,THEW
11,NICK
8,WORD
7,STEW
6,DOPE
8,SUER
7,VERT
10,UREA
10,FECK
12,BAND
5,PHIZ
10,FIBS
4,DAME
9,OIKS
7,MOTS
9,HOPE
8,TREK
11,STUB
10,THRO
6,BOND
7,FURL
7,HUMP
11,TAIN
11,REND
8,BLIN
16,STOB
5,EPOS
9,KAYS
8,YERK
4,DRAW
6,RIVE
6,JOTS
12,SYNE
11,OYEZ
7,BLIP
11,BOTS
9,KOHL
11,DRIP
9,AGUE
9,LEWD
7,NOMS
7,LINY
8,DOTS
9,GOAL
9,GAUD
8,KAPU
9,AGUE
9,ABED
8,THIO
7,LAND
9,SAVE
13,SOBA
8,ALTO
10,HUSK
10,HAED
11,RUTS
9,KVAS
9,YUGA
7,GULS
11,DOLS
8,JUBE
7,ALTS
12,KIDS
9,FINS
6,ILEX
8,GLAD
8,SLOT
4,POIS
9,WORT
9,JACK
8,ILEA
4,SNIB
9,COED
9,OYER
9,FETA
12,SATE
10,QUEY
8,PAWS
9,LOTH
7,TROW
6,NAVS
16,NAZI
8,SUMO
9,BLAM
11,RUSE
11,FITS
8,DAKS
8,LYNX
11,PENT
10,BIDS
10,WARK
9,PITA
9,OINK
8,JUTS
9,YEPS
7,LEND
9,HOLS
9,OPAS
9,JOYS
7,LAIN
7,ARCH
10,ROCK
7,SECT
8,VLEI
7,ENOW
13,GADS
7,WETA
9,TOSA
7,POUR
11,PAYS
10,GLAD
12,BLED
6,CORF
10,FAIN
9,GNAR
11,SEND
8,WAND
8,BOSK
10,JOCK
15,FEDS
6,UMPS
5,HALF
7,EXON
11,VIDS
13,HAGS
5,LIAR
10,ABOS
9,FOLK
7,SLUG
8,POSH
9,LENT
8,NEBS
8,LATH
10,HAST
8,GEMS
7,PLOW
8,VENT
9,TALE
7,OMEN
6,FIAR
4,WIND
12,TROY
9,YELD
10,VAIN
11,WAIN
8,IKAT
8,VIER
9,PIRN
6,LURK
12,NOGS
7,BUNS
9,CASK
6,CHAT
10,OILS
12,SWUM
11,MUTS
8,BOGS
13,OKRA
10,CURE
8,KIST
7,GAMP
7,CALM
12,SEAM
14,SATI
9,PIMA
12,ROMP
9,PLAT
5,VIGA
10,BAWL
8,WITE
8,TOWY
8,RAND
7,WORK
10,ROTI
7,PUNY
8,HOAX
7,PORN
10,DOLE
12,SCAG
6,SILD
6,RIDS
9,LUMA
12,GROT
8,SCUD
10,PING
8,MORN
10,CAIN
7,SIGH
9,ZINS
5,AMIR
7,LION
9,PINY
9,DOSH
5,PHIS
8,BAYS
12,ACRO
12,AMEN
5,KIFS
9,RUES
8,GULS
12,MOGS
14,EGAD
14,DEAL
10,GROW
9,WIFE
11,TING
11,GINK
10,SNAW
7,NAME
11,LOPS
12,GAPS
8,ERUV
9,FINK
8,LOBS
7,CHAD
5,SORE
7,WHID
6,GUNS
7,OXID
9,NOVA
10,BOSH
8,ORAD
9,WILY
13,GLOP
9,HODS
9,HIES
5,CLUB
4,WYNS
9,HELP
7,SPAT
7,ACRO
9,LUST
10,FLOE
7,PYRO
6,PUCK
10,HEAP
10,BROS
12,TUMS
7,PULK
9,DOPA
8,HADJ
6,FOXY
18,DANS
6,SKUA
8,SOKE
7,OWSE
13,AMID
6,PINY
9,OBIA
7,BENT
6,AITS
11,TOCK
8,BOAS
9,LWEI
11,CAME
10,ROMS
10,ROSE
8,FANG
9,TOUR
9,MATE
8,TWIN
7,KAYO
7,ZAGS
10,JIBE
7,CLAW
14,TUNS
5,DUNE
12,CYAN
8,AZON
14,RHEA
10,LOCI
8,HOLE
6,YANK
6,CYAN
10,LICE
10,MIST
11,BADE
8,ROUT
7,DOTS
13,ENOL
13,DASH
12,KETO
8,KHAF
6,HAUL
8,BREW
9,MILS
7,RAKU
8,OBIA
7,URSA
7,WICK
13,FEAT
11,JIVE
11,PALE
6,YEAN
8,DRUM
4,LIPS
10,IRKS
7,SLOG
8,GLUT
7,NITE
8,JAWS
8,YOUR
10,BOCK
7,CURE
13,OWTS
9,HARE
11,MEGA
8,YULE
12,RAID
7,SORD
9,BIDS
9,LOTH
5,HYTE
5,PYAS
9,BORE
7,DAYS
9,PATE
8,LAGS
7,WHIR
9,MERL
5,KAON
9,KOPH
9,BLOG
4,OBIT
7,OUCH
9,ROCS
11,PEON
10,DOTS
8,ABUT
12,PHIS
8,DEWY
10,SMUG
9,PIAN
7,PONE
11,KRAY
8,SOAR
10,SILT
12,LAVS
8,FIST
5,HAES
11,SNYE
7,MARC
8,HOWK
6,CURF
7,WHID
9,SCUM
9,GLOB
8,URSA
7,CHUM
12,BODS
7,MICK
5,EATS
6,PHAT
9,SOLE
10,WHET
7,QOPH
6,LECH
7,RULY
12,KHIS
9,PROG
13,SHAW
5,KIND
9,SNOB
7,BAIT
7,VETO
7,FRET
15,TOGA
12,PYAS
10,MYCS
9,FILM
7,ZETA
7,KALE
10,RAPS
9,RIMS
11,TARS
5,TAIN
8,RILE
9,PYRE
18,OWTS
11,BLET
11,UGHS
7,CUNT
9,BARD
9,RAGI
8,ARID
7,FUND
8,DISK
12,VAWS
9,GRID
6,TOIL
9,HIPS
14,ZEKS
7,PICA
13,TAPS
11,ETIC
12,CALS
9,OHIA
9,RECK
7,ECHO
8,CASK
6,GULP
8,RINS
8,WISH
11,KAFS
11,SKOL
7,ROUP
9,HADJ
11,POST
9,BERK
6,SPUN
7,FOBS
12,SANG
10,IRES
10,MAES
6,FOLD
12,LACK
8,GORM
7,GYBE
16,TELA
8,LURK
5,COWY
7,MINT
8,HELD
4,WEDS
7,GENT
9,PYIC
8,TOPI
8,USED
8,MONK
11,JAPE
11,SAIL
8,TOPS
13,SALP
9,WITS
8,HARK
6,OINK
12,JAKE
8,TECH
8,COMP
8,KHAF
7,BUNK
15,FLOE
7,FUJI
9,YELP
6,DUCK
7,OAKY
7,INTO
7,TEMP
12,WEAR
8,PHON
10,POIS
11,HOLT
7,ZING
9,VOID
7,NYAH
6,ZONE
6,WAIT
7,BYRL
10,SOKE
9,REAL
10,CHIP
11,TEND
11,DRAB
8,SUCH
7,CURS
9,SOUP
7,SPRY
9,PADS
8,WOKS
12,PIGS
9,GINK
7,MACS
7,FUEL
8,HICK
9,LUMP
10,SOYA
9,FROE
11,DOVE
11,DAYS
8,RUTH
8,PHIZ
11,GIEN
11,DIGS
9,LEYS
10,YOWL
10,TUCK
10,AGRO
6,HUNK
10,BADS
12,SOJA
9,FRET
8,WYCH
8,LINY
10,PORE
14,BANE
7,GOAT
6,BEVY
13,DIPS
10,ARTY
5,FIRN
7,RAMS
8,RESH
10,UTAS
15,PAWN
7,PHUT
14,CALM
11,STOB
8,CLIP
7,VAIR
6,HURL
13,ARIL
9,UDOS
9,BUND
9,ROBS
8,SERF
8,OCHE
9,YUCH
8,QUAI
8,NOSY
10,IBEX
7,CALM
8,AULD
6,DRYS
10,CAFS
8,CATS
9,NOSY
7,GAMB
12,SOLD
12,LEST
10,FIVE
10,RAFT
10,LAID
7,BODE
8,QUIT
7,CORF
6,FLUX
10,LANG
8,ROTA
8,GOLD
10,BOSH
8,SHRI
9,OILY
9,GRIM
11,NEBS
12,FLOP
6,CYMA
7,BANS
10,MEAT
6,COLD
8,PHON
10,NORI
10,DOCS
7,GLAD
8,HEST
11,WALK
11,OLDE
6,HYMN
7,PIRN
11,LAVS
8,CHAW
8,PRIG
8,PROW
7,SPEC
13,VOLT
7,FINS
9,GAES
12,ISLE
9,VARS
7,REDO
6,HOWS
13,OYES
12,CZAR
6,LOIN
7,AMIN
6,BORE
7,CHIA
9,UPAS
2,YORE
9,GIMP
9,FROM
6,DUST
8,LURK
10,PLAY
9,AWLS
6,WIRE
10,BEAK
9,UPBY
11,FEAR
9,TRAP
7,KIVA
7,ZOUK
10,BUTS
9,LENT
13,WYLE
7,WARN
12,BYRE
9,TABS
6,DART
8,PINK
9,REAP
10,PUNS
10,NICE
6,HALF
7,LEKU
15,EATH
9,PECH
8,MAKE
9,ROAD
8,KEMP
13,STAW
7,UNTO
6,PROF
8,CAYS
6,DIPS
9,TYIN
7,RAKU
13,AERO
10,CHAP
9,DOZY
11,ACNE
16,NICK
11,POST
8,BLAM
11,HOST
7,LANE
8,SUKH
14,MANE
9,SURF
7,BAHT
10,WOKE
12,DAZE
8,CHAI
11,LAME
6,BARS
6,VIBE
11,GOSH
10,ORGS
3,FIVE
9,PICA
8,THAN
8,VAIL
18,SECT
6,GABY
8,WADI
8,PULK
15,LATS
11,WAUR
6,VLOG
8,EMUS
6,GADS
9,SLID
7,FOAL
8,POUR
7,BURN
9,DEIL
10,PANS
6,FLIT
11,OWTS
8,GUCK
8,CURT
10,PENS
9,MAYO
7,OILY
8,TIKE
7,PUCK
6,JUPE
10,JOBS
11,TAKE
9,KYAT
6,OUTS
8,SOLA
7,BUMF
9,POUR
8,CUTE
7,BUMS
12,YAGE
7,NUBS
9,STIR
10,LEGS
9,WELD
12,WOKE
10,ODAH
12,CORE
8,IGLU
6,BATH
8,LUXE
10,LAKY
7,BEAM
9,UNDY
6,IMPS
9,DISK
6,BYTE
4,PUNS
7,GAWK
10,HOLM
9,ORAL
10,TROG
8,JOEY
8,SURA
12,MANE
7,YOGH
12,SOJA
6,KALE
8,CULT
6,TINS
8,OGAM
8,DURO
9,RATO
11,KUES
7,BRIM
10,URNS
11,AULD
9,LOGY
10,LEKS
15,SWAP
9,DUGS
5,HUNK
7,FILE
11,TEAR
10,PUDS
9,MINX
6,ICED
9,DRUG
11,OVAL
12,JABS
7,SYKE
8,LOPS
8,OLDY
5,HORA
12,TILE
7,LOCA
11,CABS
6,RHOS
9,WAIT
9,GOBS
9,WAUR
10,ARVO
8,ENOL
8,ELMY
10,SPAM
8,NOSY
6,ARID
7,LING
12,VIAL
6,GAUN
8,MINE
8,BICE
11,LOIN
12,TAPS
8,PHUT
10,THAE
7,NOGS
9,AXES
10,FINO
11,SLOT
9,BODS
12,FLAP
8,LEND
7,DOUT
10,PEAL
13,SHUT
9,SCOW
7,ROAM
9,AWED
11,FRET
6,JUGS
5,HOLE
12,FAVE
5,MEWL
10,CODA
16,ROVE
10,BUSH
6,FLAN
4,ABYS
10,GRAN
5,RACE
5,FIRE
6,LOVE
9,COPS
10,GUST
7,CRIP
9,GOWN
9,HUMS
11,PERI
5,WEFT
8,LARN
4,HUNT
9,MANS
10,LAZY
7,IDYL
7,MOKE
10,HEMP
9,ZONA
8,CURB
8,LURE
5,GRIN
7,GODS
8,DESK
9,KYAT
9,FINS
8,WHIR
8,HERN
6,NODE
6,DOGS
7,BAWN
8,KILT
7,TIRO
9,MIST
8,LUNY
9,WERT
11,FOND
9,WYES
15,GAIN
10,PEDS
13,GAEN
11,LOBE
7,GLOM
6,PIRN
8,VAMP
5,WING
6,FUSE
7,GIRN
10,DOGS
7,HERL
8,FAUN
7,OBEY
7,KVAS
6,WOES
4,GYRE
9,OMEN
13,GUNS
11,WIDE
8,GLUE
10,LIAR
6,STEP
7,ABRI
10,SWAP
11,IRON
12,SCAB
7,EURO
16,TOES
9,KAYO
6,ORGY
9,JOKY
8,LOAM
10,MINA
7,DRAY
8,LYSE
10,GAUN
6,DUMB
9,DRUM
11,AIDS
11,BRIE
8,YIDS
5,HONS
8,WAPS
6,MEOU
8,DOBE
9,BAGS
7,HYPO
11,PROA
9,PIED
4,FUDS
8,DOBE
9,OXIM
10,WHAP
5,CHAY
15,ECOS
9,MOTS
8,SHAG
8,HOCK
15,SATE
9,RINK
8,YOND
12,MOAS
8,MORE
10,LAMS
11,ROBE
9,ZERK
8,NODE
8,SALE
10,HAME
10,SLAM
14,TACE
10,SEIF
8,GRID
6,SHAY
10,TERM
9,SOTH
11,ORAL
5,AWOL
6,CHAY
8,JINK
10,GAPE
5,VENT
11,NAYS
6,DITE
9,BRED
12,KOLA
7,EPHA
7,VAGI
8,KOBS
18,FETS
8,NEUM
7,EMIR
8,DOBE
13,DOST
9,KATS
9,YELD
10,DOTY
16,PEON
7,SHUN
10,OWNS
16,PATH
9,BREW
11,DOTS
5,HAIR
11,PICK
8,HIKE
6,OWSE
9,ECRU
10,ENDS
8,HAZY
14,FATS
10,DUCK
9,ROUX
12,DELT
5,KIBE
14,KANE
8,IRED
9,OAST
12,POTS
10,CORE
11,SOAP
7,DOUM
8,JUPE
10,POLY
8,TASE
10,ICES
6,NOSH
15,TOGS
12,HAEN
13,GEST
8,GELD
10,LING
10,JAMS
6,ROTE
10,SOLD
5,NEIF
5,RANK
11,FOZY
3,CHEF
16,YEAS
6,RITE
13,KIPS
9,ARSE
7,LUCK
8,CUSK
8,POST
11,HELD
9,CLIP
7,DUTY
10,HIYA
10,LACK
7,CHAY
12,DIMS
8,UKES
8,POUR
7,LIDO
8,LINS
11,SMOG
8,EAUX
7,ORCA
10,GYNO
5,HUED
7,HARP
10,LIMY
14,SHAG
8,OURS
7,KOHL
10,RIFE
10,VIDE
5,FROE
9,COZY
8,DOUT
7,PTUI
9,PLEW
9,SNOG
10,NUBS
10,WINK
11,JARS
8,TYKE
7,POUR
9,THAN
10,WHIP
5,BUCK
5,REPS
10,RATH
8,DITA
18,QATS
13,GLIA
10,KINA
7,DEFY
7,NEAT
9,ROTL
5,DUCE
6,METH
7,TOBY
6,HUNK
8,JAWS
10,SUCK
9,BLOG
10,CYMA
5,BEAN
10,HISN
7,TACE
12,KAON
6,VIAL
9,INRO
5,CULM
9,RIDS
9,LYNX
8,SLIP
8,MURK
9,ECUS
12,HEAT
5,BLOT
8,PFUI
13,STOP
8,BOLT
8,CEPS
11,GUVS
10,TRAY
12,UKES
8,DAGO
8,DOTY
10,EDIT
15,GLOB
9,CALM
7,GAMS
15,CIGS
6,GLIB
9,LAZY
12,DECO
9,POSY
6,IONS
6,JAMB
7,EMOS
3,MOLD
12,TWAE
8,SLIT
3,PIXY
7,GIES
7,GOWD
7,DUIT
9,FIGS
6,LOGS
9,JOWL
16,SADE
9,DUNT
7,SNUB
4,UMPH
8,HUCK
9,DEXY
7,VAUS
7,LUVS
9,PINT
8,NARY
7,FELT
7,OCHE
7,WONS
13,SHAW
8,IDOL
7,YODH
8,YELD
11,DOZE
5,ELAN
8,HERD
10,BAIT
10,NOIL
12,NITE
9,YEAH
8,LUTZ
12,ZEIN
4,GIES
6,VULN
8,ONLY
8,VENT
10,SORT
11,BINE
9,OHED
14,VIAL
7,TODS
8,DUNG
7,FAUX
7,SYPH
11,CIGS
6,MYTH
10,FLAP
7,FOXY
10,COPE
11,TAHR
7,LEKS
10,TOES
9,KATS
9,HERM
7,BLOW
12,NAOI
9,YETI
14,SAGE
8,WELD
8,TOWN
10,BRAE
3,UREA
8,POIS
8,PULE
11,OHMS
9,MOWN
12,GABS
8,CORD
6,KIND
9,CRAM
7,PETS
13,TRAP
6,CRAM
11,RATE
9,LUNK
9,STUB
10,RIDS
10,SUIT
13,RYAS
8,PRIM
6,NIMS
7,YEAN
5,RUDE
8,NURD
9,YEAH
9,NABS
7,BENS
8,TAMS
12,TOLE
10,DURO
7,FIXT
9,LENO
7,LOBE
6,SHEW
8,CLUB
15,AREG
9,DOHS
13,CLAG
10,EPHA
8,DUOS
8,TORI
7,PECS
6,PADI
7,PINK
5,MILD
10,AXLE
5,TRIO
8,RIFE
7,OBAS
6,KUNA
10,LURE
7,KARN
8,ROAM
7,JEHU
9,CERO
7,TIRL
12,EDIT
8,TODY
10,SAFE
7,HEMS
7,HARP
5,DELI
11,BATS
11,WAVE
7,TURK
8,COXA
6,ORTS
16,JOTS
10,HAZY
8,JOBS
12,HOLS
6,DIPS
12,MINA
8,SEAL
9,IDLE
8,JIAO
15,REST
10,RIND
8,TRUG
5,JATO
8,SKEW
8,OVUM
9,FACT
15,WAIL
11,FATS
10,BUMS
6,STAR
15,CRUS
6,DONA
10,DEFY
8,ONYX
7,TONE
9,QUEY
9,PYAS
4,PIES
8,BODS
8,BUTS
9,SIPE
7,OGAM
12,MAUL
8,MILE
8,WETA
9,FUDS
11,GAEN
5,BROS
8,RELY
12,SOFA
12,SEIF
13,THEN
8,GECK
11,HALT
9,HERN
7,URSA
6,HUGS
8,KENT
10,FLAN
6,HAJI
9,EURO
6,LURK
10,SWUM
8,BITE
4,SAWN
12,DANS
10,SMOG
8,BAND
9,BONY
8,HYTE
8,HOWK
6,MEAL
9,LITS
11,TIME
3,GIBE
8,CORN
12,LACK
13,CAWS
9,GABY
8,NABS
9,FARO
6,TUNE
7,NUMB
6,NEBS
10,VAWS
9,LOTA
5,SUIT
11,VERB
10,YULE
11,OVER
5,KAON
7,VEXT
8,MACK
9,MOTH
7,AUKS
5,MORA
11,GNAR
17,OBES
6,GOAD
12,CAGY
13,DISC
4,FERN
9,TABU
5,JUDO
7,MANS
8,SCUM
5,CAWS
9,FYKE
8,FINK
9,WENT
14,HALE
11,RUCK
10,MITE
9,EDGY
13,POTS
7,BEAR
7,MOBS
7,BECK
9,TUGS
9,GNUS
8,FLIP
12,WAYS
6,INBY
10,ODAS
11,LEST
12,ATOP
12,DYER
7,OBIS
8,PUNK
10,DUCE
9,UNCI
8,SYKE
9,FRAG
4,HENS
8,OYEZ
7,MINX
9,TOSA
14,GINK
7,HARM
9,NUDE
7,COMB
10,SATI
14,FAST
8,BORT
9,CIGS
6,PHAT
10,PAIN
7,CUBS
6,AXEL
12,TOSA
11,NAOI
7,AERY
8,SHEA
7,KAIF
9,WORD
10,UKES
8,COED
7,CUES
15,TAME
10,AJIS
14,FLOE
8,INCH
10,BEAN
12,TENS
8,CUNT
7,WHEN
9,PION
10,STUN
8,WICH
10,NODS
4,HARE
9,GRUM
8,DIET
8,LETS
8,HAJI
7,KELT
8,DOLE
8,GOAS
8,OMER
5,AITS
15,PARS
10,KARN
12,BEAK
5,GIRO
15,LIES
8,BLUR
7,BRIM
11,CYAN
8,MART
8,TOCK
15,WOGS
7,AZON
8,BRUT
10,PUBS
8,OGRE
8,KAGU
6,KEPI
8,RUGS
11,LUGE
3,BITS
11,EYRA
9,WHAT
8,RETS
7,DIMS
6,OATH
7,KAIF
5,WEND
11,RISK
11,DENS
9,HALF
10,TOGA
11,WAIT
6,SLAT
4,CUDS
10,TOES
7,DOBY
6,ROUX
11,SPAM
14,RIEL
7,CRED
11,LAKY
12,SLAT
16,SUIT
7,CHID
9,RECK
6,GLIA
6,LOTH
8,LIPE
8,MOSH
10,BLAH
6,VICE
9,MURK
10,FILM
15,SELF
7,LAME
11,QUAG
4,AXON
10,VIMS
8,JACK
5,SLOP
8,HAND
5,VARS
10,RAGE
13,OWED
8,CHOP
12,ETNA
13,LOAD
9,WIRY
7,GENT
9,GOER
6,HAPS
11,HAET
12,WAST
9,FRAG
6,DHOW
5,POKY
6,WYNS
6,CAPH
8,VEAL
6,YOGH
7,JUDY
4,REIS
7,FINO
10,DAKS
8,HUGS
8,TONS
6,DIOL
11,GIED
6,GLED
9,BAHT
10,PIGS
11,AMEN
11,VATS
11,GNAR
10,SUER
11,GNAR
11,CHAO
7,BIRK
8,KORS
9,CANS
11,TORI
10,SOWN
8,CHOP
9,AUKS
8,LEHR
9,PULA
13,ACTS
9,WARY
9,SLAB
9,POME
9,GRIZ
10,FOND
11,RIDE
15,PAIL
9,LING
7,LEKU
13,CHAD
10,RAPE
7,WREN
8,ETIC
13,PACS
5,GLED
7,GLOW
10,KERF
7,CLAM
9,JUNK
10,IRED
9,MOLD
14,SADE
10,GIED
7,TYPO
6,ILKS
10,LITU
6,FECK
7,EURO
14,ZETA
7,REPS
4,HIND
9,SHIV
11,DIOL
8,EMUS
10,THIO
13,MEGA
15,TAIL
11,PANT
6,DOUT
8,ECUS
12,DATE
10,TROP
12,STOB
9,LIES
9,YOMP
8,LIEU
11,ROTI
8,JUNK
14,FEST
8,BEGS
9,DUNS
7,RAIL
7,SLIP
7,STAR
7,BUDS
8,DUTY
6,RING
6,JUNK
10,OXID
6,TZAR
8,TONS
7,COPS
11,MINK
6,CINQ
7,CHEM
8,COPS
8,TROU
7,MICK
9,AXIS
6,KOBS
8,DICE
8,DAWS
11,ORAD
11,MELS
8,DONE
10,CAZH
13,CLOG
7,LONG
9,QAID
10,OPAL
7,BRIN
7,ILEX
9,JEST
7,YAGS
6,TUNS
12,AXON
10,MAST
12,ANES
5,FUMY
8,DONG
6,SOUK
6,CORK
8,KETO
15,OXER
11,TACH
7,TEND
8,OSAR
13,DOLE
8,DANG
9,CALM
14,SCAG
6,TAXI
9,NERD
11,KEYS
8,ALEF
9,SKUA
14,DALS
7,QAID
9,COBS
9,CALO
12,SAVE
8,CAPS
7,SKIM
7,LEUD
8,VROW
9,RUKH
4,RAIL
8,BLOW
9,CADI
8,FEUD
6,CUNT
6,MUDS
8,JUNK
9,WACK
9,BATS
10,WADE
7,TACK
14,JEON
8,KINS
9,SING
8,AUGH
10,PHIZ
5,VULN
5,OKAS
11,HAZE
8,MAUD
8,NEVI
13,OPAS
3,DAUT
11,LIAS
14,WIDE
13,TENS
13,EATH
6,HAUL
11,NARY
14,OPAS
11,DUCE
8,ABET
10,SMEW
11,SANK
8,FEUD
12,DOVE
10,NOPE
7,UVEA
6,JUPE
10,BITE
6,PUCK
10,MUSH
8,HOWK
8,SIDH
9,DUSK
11,RAIS
11,NETS
7,ADZE
10,LISP
8,WHYS
7,CLEF
11,ZITS
11,LEVY
16,LASE
9,LICK
9,FALX
7,ROCK
9,EDHS
16,BEST
9,CHAM
10,HUTS
7,TZAR
13,BOPS
4,SOJU
7,YEOW
12,TOEA
6,FUJI
14,LEAR
9,MOXA
9,VAIR
5,THRO
7,BEGS
7,SHAW
10,PACT
6,RIGS
9,SKIM
5,EAUX
7,TURK
7,SUED
9,ECRU
8,HULK
7,WENT
9,CARK
10,NEST
10,DUET
12,TODS
8,MONY
9,INCH
5,ROAN
9,JUDO
11,APES
5,HORN
6,GAED
13,ZAPS
7,TIER
8,LEVO
11,RUSK
12,SEAL
7,BRAN
11,HYLA
8,FLEX
11,BEAN
10,SHEW
14,RYES
9,SHAY
10,WHOP
9,KERB
11,RYAS
8,MAZE
7,MOAT
10,IONS
8,HETS
11,GLOP
7,FERN
6,PIKE
9,OGAM
7,NERD
17,HELO
14,RAKE
6,OYEZ
9,USED
7,FLIP
5,EMIT
10,JANE
15,AIRT
9,ZORI
8,ROWS
9,ONYX
5,WARY
13,FARM
8,WOAD
8,DINK
9,GYPS
7,WISE
9,CAZH
7,GNUS
11,FRAT
9,BIND
6,WARE
12,JOLE
7,ANDS
12,SIRE
11,SUIT
7,CAFE
6,BLOG
8,AVER
9,BURK
10,SETA
9,SLUB
6,JUTE
6,LIMA
8,QUAD
6,YUPS
9,SWOP
5,HOAR
8,RUED
10,GUCK
7,KNOB
8,TRIG
4,VANE
9,DOUX
7,GLEN
9,YOLK
9,HOAR
12,SORA
9,DOZE
9,SEND
9,BIKE
9,CUTE
9,BALK
9,ORCS
13,VROW
7,WHOM
8,CHAR
10,FORM
11,IDES
9,SYKE
9,FUSE
8,MAIL
10,TOLA
9,SOPH
10,GYBE
8,CAVE
9,SHMO
8,URBS
11,CAME
7,AIRN
7,ICKY
7,HOSE
11,FATE
7,HIND
7,HAYS
10,ETCH
8,HYPO
8,VERB
11,SLID
9,POUR
8,WHUP
8,PHIS
6,GILD
10,KAYO
11,PEAN
8,SEND
6,FILE
8,FYKE
12,STAY
10,YANK
10,PROW
9,ARUM
5,TIVY
6,LENS
13,AMIE
6,HELP
7,GAES
6,KAME
10,PILE
7,JOLT
7,OVUM
14,MARS
7,RESH
6,UMBO
9,FAIN
11,HENT
8,PUCK
12,SHOP
12,LIPS
7,WICH
6,ANIS
7,BLEW
7,LUMS
8,BIER
10,TOPH
9,OTIC
8,GIPS
7,RATE
11,DOUT
9,DRYS
5,UDON
10,SMOG
10,TAWS
8,MIST
9,HALO
7,BANS
10,GROW
10,MEWS
9,EPHA
9,BURS
6,WORE
9,BANC
9,POEM
12,TUPS
11,DABS
13,BAMS
8,ZING
11,SOCK
13,GLOP
5,CALX
10,FABS
8,THUS
10,TIER
10,HILA
6,GULF
11,HIMS
8,CORY
10,DEBS
7,PRAT
13,POWS
11,ACME
11,LUDE
7,SORT
9,COWL
9,JURY
6,HOST
6,HONK
6,GIVE
10,LAZE
7,TEDS
9,DOMS
9,AMUS
6,GLIM
5,ABED
7,LIPE
11,SARK
9,RIAL
9,CUMS
11,PACE
11,GUNS
5,MUSH
12,SALP
12,BITS
8,CAMO
9,RIAS
6,FILS
7,CHAR
8,DAZE
13,GABS
5,BLIP
6,SEXY
6,YACK
9,GRIT
10,BIOS
7,ELMY
12,MAES
7,TREF
11,VOWS
8,REFT
9,CAVE
9,TUBA
8,BUNK
7,BLAM
11,GALS
13,LUSH
11,GRAD
8,CHUB
8,ARCH
4,FUND
11,JEHU
9,BURG
9,BURL
8,SKIN
6,NAGS
12,SIGH
8,BYES
7,SOFA
6,TAXI
7,OHMS
7,MACH
12,GUCK
10,LAIR
7,GOWD
11,PAIK
11,DUNS
6,TINS
8,VOLK
5,CLUB
9,DULY
6,YAWL
8,OILS
9,BRAY
9,LUNE
5,GRIT
12,SELF
6,LOBE
14,LARD
6,YOWS
8,KING
9,SITH
10,FLIP
9,BERK
9,OCAS
6,PEAG
9,BALK
9,NAPS
7,TRAM
9,HOGS
7,SPAY
11,ITEM
11,HERS
6,CORF
11,JEWS
9,LITS
7,PARE
9,CORF
8,OKRA
9,OUTS
6,BIOS
9,TUMP
9,YOWL
8,HEIL
8,COLY
4,VASE
8,TAPS
6,PARK
10,ANUS
5,VENA
11,SOMA
10,ZONK
9,WOTS
7,HADJ
8,WANT
11,SOAR
12,PAWN
17,TIES
12,FOLD
7,FIRS
6,REPO
8,LUCE
8,UMPS
7,HAKU
11,SACK
9,RALE
8,CLAY
8,RUTH
6,LETS
9,MARS
11,FIRE
9,DATE
9,WALE
7,CLOG
9,WIPE
8,HAJI
10,KIND
5,FAUN
5,SERF
7,ONUS
8,SOUL
6,KNOT
1,LOUR
10,JOKE
9,KBAR
9,UGHS
11,KETA
16,VEST
15,GELT
9,DONE
7,DARE
8,URNS
5,FIGS
10,WILD
9,HABU
10,GABS
8,TEAM
10,LIRA
8,CLAP
6,DUPS
12,LAZY
8,ONYX
11,LINK
6,GUAN
8,DORM
10,WRIT
12,NIXE
9,REFS
5,TORS
6,LATS
5,SUCK
11,ABED
12,USER
8,GABS
9,SHIM
13,SAND
7,RAPT
7,FLAX
8,BURG
10,RUDE
9,GOTH
9,TING
6,YAWS
15,WITS
8,NOBS
9,LIEN
6,DOLT
11,ORCS
6,RUNS
7,LACS
11,HARP
8,CLOT
14,SNED
12,BRAG
8,CEDI
6,AIRT
10,ANKH
11,DRAM
8,OVUM
10,DRAB
9,PIGS
6,YEAN
8,MIDS
8,PHIZ
15,CASE
9,VOTE
11,MOAN
4,UDOS
9,GYBE
11,ZEAL
7,JOGS
13,ROTA
8,PACT
8,ALTO
8,GOJI
8,NOCK
9,OXIC
5,ABLE
9,THIO
8,AMBO
10,DINT
9,POET
7,NEAR
11,ESPY
9,AZON
9,BOWS
7,MOTH
9,RICE
13,OPTS
11,MAXI
8,SIKE
8,PERK
10,CHUM
8,MOSH
11,WEKA
9,YAPS
12,YAGS
7,YAWP
13,WIST
6,RICE
9,HAEM
11,LOGE
7,CURD
13,SINK
6,GLIM
9,IOTA
15,ATES
10,FENS
7,NURL
7,UPON
9,CYME
5,FOLD
10,PLOY
8,KIRS
11,EDGY
8,SPUR
8,OUPH
10,JEAN
7,NODS
6,ZAPS
9,MOKE
8,MATE
10,SPUN
8,PACK
6,URSA
13,STEY
8,OXER
9,WAUL
8,WYES
8,FIXT
10,HUNK
10,FORB
13,HAUL
7,OUTS
6,POSE
12,NOUS
6,LINY
7,BIOS
6,PLOW
7,BLAH
7,COME
10,POXY
9,SURA
9,SANG
11,NIPA
9,CAWS
8,WAIF
8,WYNS
10,TRIM
10,CLOG
7,PRAU
15,ASCI
11,BRAT
10,QUIZ
13,TAVS
7,COIR
8,GLED
9,ROSE
10,TRAM
5,HURT
8,UKES
7,PENS
10,SARI
6,DEIL
11,TACE
10,SCAR
5,POND
5,UNCI
8,MUON
9,SKEG
10,DECO
10,FUNS
7,JUBA
10,DUPE
9,GRAN
16,GEST
8,COFT
8,BODE
11,OPAH
8,ROTE
8,COTS
7,PRAU
6,SABE
6,SHUL
11,LOIN
9,SAND
11,RICH
11,WISH
11,BOSH
9,LADY
9,VANG
4,AIRT
7,NODE
10,ENGS
9,ASHY
10,BRAD
9,YUAN
5,JUPE
12,GELS
9,OWLY
13,INFO
9,WING
10,BERK
9,NORI
7,RUNT
6,TERM
9,ITCH
8,MARS
14,HODS
9,FURY
9,YEAS
7,OXER
15,MHOS
9,MOLT
10,RENO
7,AWNS
9,MECH
4,GUAN
5,HUCK
9,SPUN
5,BLED
7,VERB
10,BOTA
7,FURL
8,WIMP
11,TOAD
10,HINS
15,MIGS
8,CRUS
7,RIAL
6,MURA
13,DIKE
10,AULD
7,WEKA
15,FOBS
7,GLUM
7,SCAD
12,PONS
7,HOMY
6,GALS
10,HEAR
7,HOED
14,DOES
9,FOBS
12,ACRE
7,SCOT
6,HAZY
7,SWAG
9,NEBS
8,TODS
11,OPTS
9,KAIN
7,HOTS
10,EGOS
6,KUES
12,KNAP
10,CEPS
9,CZAR
11,PERM
13,SWUM
7,YUKS
9,WING
7,MUSK
14,OPES
9,OMIT
8,URNS
6,TANK
7,YAGS
7,LIFT
9,NEAR
9,LEAK
12,PHIS
7,BOTH
7,GAME
9,NABS
13,LOVE
14,DREG
12,WANS
6,MALE
8,SATI
7,HAUT
10,STEP
11,TAIN
8,OXEN
12,MOTS
7,PULI
5,ARCS
8,COAT
12,SAID
7,DAFT
6,SIKA
7,OARS
6,BUDS
10,PREY
10,BRED
9,CALF
12,PLED
9,SCUT
7,PUNG
10,OUPH
2,RULE
10,IDES
11,JETS
9,EATH
10,EYRA
9,WATS
10,DIMS
8,ORBY
10,WHET
8,DEFY
7,MEAD
12,WADS
11,REIS
8,NOES
10,HARL
10,TUBS
7,MAIR
10,POMS
9,HERM
9,AMOK
12,LIST
6,BONK
8,LONE
8,LUGE
7,MIND
8,FORM
8,AUNT
10,LANE
13,PUSH
6,WAIT
6,BAYS
11,MHOS
9,FLAT
10,ROCS
7,FANO
8,YAGE
6,SWIG
7,PURE
7,YAWL
8,LUNY
8,LEND
6,JUGS
9,SALE
11,NARK
9,WHET
13,JOWS
5,ONCE
10,LIME
9,ROUT
10,KOIS
13,PROS
10,TUGS
9,JIMP
15,FASH
8,HOER
8,TACK
8,HOWK
13,LEAP
11,TASK
14,SLIT
12,ANEW
6,BORN
9,FOES
10,KNIT
7,HUGS
15,WARM
7,BAKE
9,IONS
10,EAUX
7,HOWS
13,LEAN
9,SHAG
9,BONK
13,OKRA
9,RIMS
8,KOPH
7,LORE
10,LENS
8,YAUD
7,MINX
8,BOYS
8,HEPS
9,AMIE
13,OCAS
7,BORA
10,GLOM
11,BALS
7,AMIS
8,SPIT
6,ADOS
9,LOTH
11,DACE
6,DALS
9,BIOS
9,TASE
9,GRAD
12,VATS
5,DISH
10,JOSH
7,OWED
11,DEWS
9,HEMP
9,NAIL
5,LEGS
6,EXPO
8,JAWS
9,YOGI
10,GRAN
6,TORC
9,ICHS
11,DIFS
12,FAIL
10,PORK
10,ICES
16,LIER
8,FINK
7,PYAS
9,INBY
6,TURK
8,MIRY
7,ZOEA
12,ROAM
9,TEGU
7,KIND
11,MARK
12,OAFS
8,CHEZ
5,UPBY
8,DART
8,CASH
12,REMS
10,LIVE
10,TREK
10,MAIR
11,WORK
6,FURL
11,YANK
11,EXPO
10,MILO
9,LIMN
10,TRAM
14,RHOS
7,CUNT
9,PAST
11,RUNE
7,ARFS
9,WISE
8,PURI
8,THIO
11,MIKE
9,MINT
6,NICK
12,WADS
6,TOAD
3,SHOG
6,YORE
9,JOCK
6,WANT
8,EPIC
8,LIFT
11,CRAW
8,NAOS
10,DOWS
8,MIRE
7,WHAT
10,HERL
9,CRIS
7,CULT
5,SACK
11,TIES
9,BUNK
8,BORK
8,PULE
11,URGE
11,MACS
10,TIDE
8,FEDS
10,HAUL
5,BLAG
12,EXON
4,ASCI
7,COBS
8,MYCS
8,SWOT
7,SOJU
9,ALEF
6,CABS
6,GIRN
10,HISN
5,NIGH
7,OYEZ
8,SEAT
8,PRAU
11,COGS
7,CRAW
11,ANDS
6,VERA
7,FELT
13,ZEDS
7,SPUD
10,LEHR
9,SOUR
8,BROW
8,DUCE
10,POME
8,DOTY
11,WEBS
8,DREK
9,LUTZ
7,RODS
18,TAVS
6,OBES
8,LAIC
9,OVEN
15,ILEA
10,ZONA
9,HOMY
6,FLUX
9,HAGS
11,NOVA
7,GYNO
8,LEHR
8,TOSH
9,SWUM
5,WILY
12,SING
8,GYPO
9,NEWT
9,DAYS
11,IMPS
11,TRIO
10,LAZE
10,HEAP
13,BRAE
9,SLOE
9,SILT
7,QOPH
10,CZAR
8,CHEF
7,NECK
12,PATS
9,SNIP
8,LEAR
10,BORK
9,HALM
11,BAWN
4,IRED
8,WORD
8,CRED
5,NIGH
9,SANG
6,LEHR
7,EYRA
9,DRAT
7,GIST
8,GULP
11,KNOP
12,NEMA
7,MACS
6,NAYS
6,GYMS
9,ROTL
8,RULY
5,FICE
9,VETO
9,SKIM
9,ZOIC
4,WRIT
7,NOVA
10,TUSH
8,PEON
7,LIPA
10,JAUK
6,WHOA
7,MACH
8,LUNG
8,BLAW
7,SUKH
9,PECH
8,CHAY
7,ZAGS
10,LAIC
10,TARP
7,FANG
11,BODS
9,SLID
8,PRIG
7,TANS
8,TONG
8,PROD
7,MESH
10,MESH
7,SORB
10,SLAT
5,THIN
12,CORS
9,LUBE
6,HANK
9,FAVE
8,HOGS
7,FOIL
9,LUXE
12,WAGS
7,PHOT
15,AERY
15,ABLE
8,PURL
8,DICK
7,FIND
4,OCHE
8,BUNG
8,HOWL
8,WEND
10,BISE
8,AMEN
9,VIES
7,GRIZ
12,BAST
6,BARE
4,HADE
8,GOAD
11,LIMO
7,YOMP
10,VEGA
5,TUSH
5,ABUT
8,VEND
8,LUNE
10,SOAR
8,HOWL
7,TIDY
12,PLOT
9,BLAG
8,GOAD
8,PLOW
11,MODE
7,BUSH
10,CAZH
10,QOPH
6,CURE
7,BINS
14,CORY
7,OBAS
9,DINT
7,KYTE
5,PAKS
6,PIKA
7,DAWK
7,SHEN
8,OPTS
10,DUIT
10,DEWS
8,SUCH
4,GORY
15,OPAS
15,REAM
9,HARL
8,PORK
12,SALT
7,TUNG
5,TUIS
9,HOST
10,KELT
7,MUCH
9,SYNC
11,ROIL
7,OMER
6,CHIT
9,MUNS
9,HIND
7,DEWS
14,FETS
9,SCUT
10,FANG
7,SOLE
6,DUNS
8,BRAW
10,SKEW
8,LASH
10,NABE
6,DIPT
8,FLED
14,LEVS
8,GOWN
8,CLAN
7,LOFT
13,DOGE
12,GUNS
10,FIAT
9,SLUM
7,BUHL
6,TOGA
7,ARCO
7,SPIN
8,HYLA
10,SCAT
9,FADE
11,TEAL
8,DRAW
8,BRIM
6,WAXY
9,ROUX
13,GIBS
11,SOYA
6,LAUD
12,HAIR
7,SLOG
8,RIFT
11,GLAD
8,PUTZ
8,BECK
9,RUMS
9,JILT
12,ZEAL
7,BADS
6,PROB
9,OAKY
13,SAVE
10,FAIN
9,ANUS
10,BOAT
9,DEPS
12,SHOP
7,VOLK
10,BOWL
6,DUST
4,LAZE
10,ADZE
7,DURO
11,VISE
6,BURA
12,SWIM
8,EGIS
9,MIGS
10,BOSH
11,COWS
9,MYTH
7,TIVY
8,ENUF
6,FAYS
8,PUDS
14,TOEA
10,RULE
7,PONE
8,PLEB
9,FUND
12,KAFS
7,HENS
9,RUBY
11,TARS
13,SKAG
7,ELAN
9,KILO
6,RISK
8,DONG
7,MODI
6,CYST
6,DRIP
6,UPBY
8,BOCK
10,PIRN
10,KITS
13,SIKE
7,NOUS
13,NAOS
7,KART
7,QAID
12,WIPE
7,ETCH
7,HOWL
11,QUAD
8,PURL
6,KBAR
8,MOLE
8,RICE
7,MAES
9,TACE
8,LARS
10,RANT
9,LOTI
10,EYAS
5,KOHL
9,YELK
11,GRAD
4,REBS
4,FOUL
8,NUKE
10,LEAK
7,CUES
8,WAIN
8,LARS
11,TREM
4,GORY
9,DAGO
4,FOAM
7,AGRO
8,LEIS
8,PILY
9,ORGS
11,MARL
8,LOWE
6,PETS
8,FILE
15,SNIP
10,FINK
7,LENO
9,LEHR
7,TYER
8,FIDS
8,DUNT
12,KEPS
12,CLAY
8,HIKE
9,HAJI
7,CUED
8,FAIL
8,MURE
9,FARD
8,FARL
8,DREG
12,MOBS
6,AMOK
6,CYST
11,FOGS
8,POKE
8,BEAK
7,PUGH
5,HOMY
7,KINE
7,TOFU
9,DYKE
11,RAFT
5,FARD
9,FEND
8,PACT
9,THEW
10,VITA
7,GOLF
9,OAKY
8,SUMO
8,LOST
8,SOFT
9,ZARF
10,ILKS
9,HAND
11,LOAD
5,MOPS
15,RILE
10,VOLT
5,TEND
18,GAMS
14,CERO
8,ERUV
8,COLS
7,CURF
9,TROD
12,YARD
8,BLIN
6,CLON
9,VAUS
8,KYAT
11,DOSA
9,BODY
8,FEHS
8,WHEN
12,SHIP
7,FILA
6,PFUI
10,FRUG
7,WALK
11,RANK
7,DOGE
7,PISO
9,INBY
7,WERT
10,KEIR
14,KOLA
9,ERAS
8,HAED
7,GADI
7,GRAY
8,ARBS
11,EASY
10,HOME
9,KAMI
5,LEFT
7,KUES
11,LUMS
11,EDIT
7,DITE
4,BLAM
6,KHAF
9,KERF
13,RALE
11,ICHS
8,NOIL
8,KYAT
11,SCUD
10,AXIS
7,CLOD
8,GIDS
6,SANE
9,APED
8,WITH
17,ALME
11,COWL
9,YOUS
7,ITCH
10,ACME
10,BOND
11,TINY
8,SPAZ
9,DOLS
9,MILD
10,LOST
10,OLDY
16,NEMA
10,FYKE
6,DANS
8,FEAL
10,NAES
6,NAPS
13,BAGS
8,WINK
9,DOLS
8,LAVS
9,DINO
8,PURE
9,LAHS
9,URIC
9,EROS
8,ROAM
7,TYER
7,DUCI
7,PACK
8,PETS
7,PUNY
8,WITS
14,LIRA
7,LING
8,LODE
8,CORS
7,BONK
10,FEUS
6,TUNE
6,UDOS
7,CUBS
7,FOGS
9,BUNK
9,PELT
8,BICE
8,RAKI
6,CERO
8,CHOW
12,WISH
7,DIET
12,OLES
10,FETA
8,ENOL
8,OUCH
7,BANK
14,RATE
9,BECK
9,SNIT
7,MIXT
7,CYST
7,AUNT
9,HIPS
8,IDYL
10,LIPO
6,KAFS
5,SOUP
9,FILS
8,POLY
11,CROP
6,BINE
5,DEMO
9,BITS
7,CORK
12,EARL
8,LOCK
8,PUGH
10,FALX
14,IONS
9,SOWN
4,MINA
12,KINE
11,KOAS
9,KIEF
12,HEAD
8,OVEN
11,GRAT
8,HYTE
19,APER
11,FARE
9,BLAM
8,VUGH
7,KOHL
12,FOAM
11,UMBO
7,HAWS
6,GIES
11,MAZY
12,EMOS
10,OXID
12,HOLY
11,VARY
12,MAST
9,DUPS
10,GEST
10,REGS
10,HUGS
12,FAST
15,ENOW
11,DEFY
6,HINT
10,RESH
4,BOWS
8,CINE
13,TYRO
11,VEIL
11,ULNA
12,SNIT
9,GOWD
12,VATS
9,SHIT
10,SPIN
8,CONK
7,WYNS
6,MICA
9,MIRK
6,STUD
5,FISC
11,BAYS
12,BITE
10,DEWY
6,WALY
13,ASCI
10,BOLE
11,DYES
6,OWLY
13,AIRY
8,METH
12,LIFE
11,ROMS
9,NUKE
5,BUDS
7,DUIT
8,NAES
12,WARD
7,CLOT
8,HENS
10,ROLE
5,KAME
9,JOSH
8,LOTH
14,VIER
9,ULVA
9,DIVA
8,PITY
7,AMOK
10,LEFT
7,COTS
9,YUPS
9,GYPS
11,YODS
5,MUST
12,FOIN
7,COFT
12,HITS
6,TORS
11,SCUM
8,ALTS
11,ALTO
9,WINE
10,NEWS
10,DIVE
5,REIN
12,GIPS
8,SPUD
10,PECH
7,SIKA
12,REDO
16,ZEST
7,GIMP
10,FOIL
10,BLAW
8,FLIP
13,RILE
10,AXEL
9,COKE
8,TECH
8,GOWD
8,DUES
10,PYAS
8,HAIR
9,HAKU
7,BENT
4,LOCK
8,TOMB
8,MUTE
12,MORT
10,BIRD
11,FEDS
9,SCAD
7,ICON
8,SOYA
11,JIBE
5,WEND
9,VARS
10,CRAB
8,ORCA
12,SYNE
14,GABS
10,FOLK
7,VARS
11,VANE
7,KIER
5,SANK
6,PHOT
9,PACE
11,YLEM
8,BLOW
11,LOWS
8,HIRE
7,WAFT
6,MOSK
8,SAGE
8,WIDE
13,SONG
6,TURF
12,RATO
11,YIDS
9,VAUS
8,CITY
8,KERB
13,HOGS
10,LAZE
8,AUTO
13,BIER
7,CAGE
10,THRU
7,EXAM
12,BENT
14,STOA
14,DABS
7,PLED
10,HAKE
5,SINE
7,YAWL
6,DOWS
7,GAUN
9,PULA
10,PINK
9,WHIR
8,PROM
9,GAIT
9,MEGA
7,LUTE
7,FUEL
14,BLUE
9,VIGA
6,MAKI
8,GILT
11,VILE
6,SNOB
7,DRUM
10,DHAK
9,AXIL
11,AGUE
7,VAGI
9,BLEW
8,COPS
11,GAUM
11,COMA
4,MUSH
10,CAVY
9,SPIC
10,VIED
9,YOCK
6,OLEA
11,ORCA
14,ARBS
11,NOSY
11,IKAT
8,WITS
12,GOBS
10,SKUA
10,CRIT
8,RAKU
10,BAIT
8,STIR
9,STUM
8,MOSH
11,RUBY
12,ROTL
13,YIDS
7,JAUP
14,LARI
7,PARE
8,VINY
9,RESH
7,SAIN
14,VILE
11,NABS
6,SOME
9,DUSK
6,LOCA
7,CLAD
6,LIEF
15,ANES
10,DAWK
12,UGHS
9,JOCK
8,PALI
11,GOBS
8,MACK
8,HETS
5,DIRE
15,ERAS
7,ETUI
14,FITS
7,PACK
10,KETO
18,SINH
5,OWSE
11,PENT
8,WHOP
11,BRIE
11,DUMB
9,SOJU
7,GADI
9,HONK
9,EPOS
8,PORN
7,TOSH
8,DAWK
8,BELS
12,ORAL
6,BOLT
6,JOWL
10,BOLA
5,NEVI
8,OUST
9,OATS
6,DUES
11,STEP
8,PYRO
10,WANY
6,CATS
12,MINA
7,PEND
8,BLED
11,KOBS
7,ETIC
8,CUPS
14,RAIL
7,HEMS
12,RASH
11,RATH
13,HATS
7,SCAB
7,CUTE
12,ARSE
10,KNOP
8,HAEM
10,TRIP
8,LOBS
10,GUTS
11,CORK
8,ARFS
11,COME
17,TAMS
11,STIR
10,ORYX
11,LAMS
9,NOSY
5,GULP
9,FLAN
8,YAWS
8,RYND
7,HIVE
6,PRIG
8,CAMP
8,MOTH
7,RITE
9,BIRO
10,ARGH
10,HEST
11,CAME
11,KORS
9,THRO
10,CAVE
8,FLAT
11,RENO
8,LADS
7,HARK
9,BUCK
8,BEDU
7,LOWN
10,RAND
10,NECK
7,BURL
6,FLIP
13,AMUS
8,OKAY
13,SCAN
13,ROAD
6,GOBY
8,SANG
10,SALE
10,BISH
11,BIOS
7,LITS
11,CLAP
10,ICES
11,OMIT
4,HOWK
11,HOWS
7,OBIS
10,SCOW
6,DELI
7,DAUT
9,WEIR
8,GAZE
5,TEAR
7,FOHN
7,MOPS
7,BRAY
10,AWES
6,LUNG
9,COLY
13,HIMS
8,ROPY
9,CAKY
8,NUMB
14,WIDE
7,ZINE
10,DEXY
9,SOLA
8,SIDH
4,TOME
10,WARD
9,PERI
8,FLIC
8,LABS
11,JUST
7,BUNS
9,VENA
9,INKS
6,PLEA
10,BARF
9,SLAT
10,FINO
8,HOGS
9,PALM
10,CAIN
7,HANT
10,ONES
6,HANK
10,KAFS
11,BARD
9,TACE
7,PIXY
12,SHUN
9,GIEN
12,OMEN
8,NURL
8,WEKA
10,MALT
7,QUAI
12,ANIS
3,SPAR
9,NORI
8,SURE
8,WENT
7,LINT
8,WAME
2,PAWN
10,ITEM
7,GINS
8,DEIL
5,FOZY
11,FAUN
8,FUJI
7,PATE
7,SLUB
9,CATS
10,KHAT
8,GORY
10,JAGS
14,INKS
5,LETS
12,MEAT
9,NURL
10,RASE
10,LATU
4,BORN
8,LAZE
9,SUKH
10,ECHT
8,PLOD
7,PEWS
11,FANO
10,KEIR
8,FAUX
10,KVAS
8,YULE
9,PAMS
7,TRIG
7,BRAW
8,GENU
8,BOYS
6,ROTE
7,LICH
6,GLIA
14,HIES
8,BRAT
7,COPY
8,MAWS
5,CURT
7,YOGA
15,SWIM
9,OPAH
8,ICHS
4,LUDS
11,REPO
7,GAMB
9,KUES
8,TOSH
9,GAMB
11,NOSE
8,LARK
7,DOER
9,SKEG
14,JAWS
12,STOA
10,IONS
7,PHAT
8,COSY
9,TYRO
7,NUMB
9,BOND
7,ATOM
14,FENS
14,RAMS
10,SOIL
7,THIO
6,FORT
5,UTES
11,CLAW
12,BODS
8,THIN
10,OAKS
13,SUMO
9,KAGU
10,ARES
15,AGES
6,DARE
9,DORM
12,DART
8,NECK
15,JEON
6,SAWN
7,BEND
6,BORK
11,LASE
7,VICE
11,SORA
6,IRED
6,GETA
14,NEST
9,SIKA
11,SOMA
8,IBEX
9,DUCE
11,DIRE
8,ODYL
9,QUIP
8,WAUR
12,UGHS
8,GYBE
5,ROLE
8,FUNK
6,GETS
8,GYBE
8,SIZY
9,NURL
12,ROSE
10,BREN
12,MATH
6,RODE
10,SANG
10,FINK
7,MELT
10,GOAL
8,TALC
7,HUED
7,HOUR
12,PROM
9,LETS
9,APES
12,LIFE
8,JUNK
14,UREA
9,DANG
9,WADY
9,KYES
5,JEHU
4,DUNK
10,ESPY
5,WITH
9,NAZI
10,TIRE
8,QUIZ
10,MILK
8,LOCI
11,TING
13,BLAE
9,CUES
6,SLIM
8,WANT
7,GOLF
8,TENS
9,RYUS
10,FETA
9,LOTA
11,BOTA
7,RAPS
10,JOBS
9,PEST
12,RUSE
6,SAUL
10,SOLE
12,KATS
7,GOSH
9,AVOS
5,HIDE
7,JUKE
12,TEAR
9,PROW
8,MAYO
10,GAUD
10,LUVS
9,VULN
9,MARC
8,MYTH
7,MIRK
7,ABOS
12,LING
7,TAOS
13,PUBS
8,ZEIN
8,MAIN
6,WASP
10,KETO
8,GYRO
17,BANI
12,TASE
14,SLIT
8,THEM
4,CINQ
14,ATES
5,SPAM
9,OPAH
6,BURD
7,THEW
7,FLEY
12,BAPS
8,SHAM
8,LUNY
8,MASH
9,HEIR
12,REST
9,SYNE
15,VOWS
12,GROT
14,DEAN
11,YURT
9,REAP
10,RIME
9,SUET
10,SLOB
7,PUCE
8,KRAI
8,FIGS
13,BANI
6,IDYL
10,PANT
8,MOLY
7,GIEN
9,VISA
9,BIGS
7,FILA
7,CODA
8,WAXY
8,DATO
5,SEWN
10,ABET
10,ROSE
5,KNUR
10,GLEN
9,VIRL
12,DEAN
9,SHIV
10,MOPS
12,DATE
9,SIDE
8,THAN
7,PISO
5,TROY
8,BIAS
8,CUBS
