9,FIVE
9,ALEC
7,LAMB
7,JILT
8,SILT
10,MURA
10,WISE
16,TASE
5,RIFS
8,GNAT
8,JUNK
6,JUNK
10,PROM
8,YOKE
8,GNUS
13,BURK
12,SPEC
7,PURE
9,LACE
7,DEXY
11,BORK
9,MOPY
10,SPIV
10,FIDS
7,ZYME
10,DOPY
9,KELT
12,LATE
11,SOUR
9,BRIM
16,KORS
8,WAUR
6,TING
7,LIME
4,SAVE
13,PAMS
11,KATS
6,GALS
10,TOUR
8,BINT
12,ORLE
7,TWIN
7,LOID
13,HERO
10,WAUR
10,LORE
5,SLAM
12,TOYS
13,KRAI
9,HUES
8,SWAP
10,HOLD
9,QADI
8,DOES
8,RIOT
9,BIAS
12,ZEAL
5,NOIL
4,SHAD
4,DIRK
10,GYNO
8,SPAR
13,BANS
6,MORS
8,LAUD
8,RIND
11,ODYL
8,BYTE
8,LORY
9,PINE
17,HIST
8,SHAM
10,PHOS
8,MORN
12,DEBS
11,HAWK
9,CONS
5,POSH
7,FORM
8,SYBO
8,NABS
8,CUSP
9,JURY
12,FOBS
10,SING
7,PEND
8,COVE
9,MICA
15,NODE
10,ACRE
6,FAUN
6,MONY
7,MITE
8,LEWD
5,SOWN
10,CITE
8,SORN
6,AIDS
9,AXLE
9,ZOIC
10,EVIL
8,ELMY
10,HEWN
7,REIF
12,SITE
13,DANG
12,WYES
8,FROW
8,WREN
8,POGY
10,POST
9,LIRA
7,JUBE
10,LACK
9,DIPT
9,CREW
9,RUBY
10,OBIS
8,BAWN
11,FIST
6,RUBS
7,RYND
5,IRES
11,FOYS
8,PERV
9,RUSE
8,RYUS
10,SPOT
8,RYND
4,DOUX
10,BRAD
9,SKAT
11,CAVE
8,KIPS
8,DHAK
10,REDO
7,HUED
7,SERA
6,DASH
8,PARD
9,VIED
9,RIVE
7,MAGE
17,LAGS
7,MADE
10,ROTA
12,FEDS
7,CLUB
18,RAPS
11,WAIN
11,GODS
9,ACME
7,PLIE
11,BANG
7,GRIN
8,TOKE
7,BANS
11,MONK
7,MOTS
9,FOIL
8,FARL
8,OPEN
6,BLIN
9,FOLK
7,LUMA
8,YONI
6,LEND
8,LIMY
6,GNAW
9,AWOL
14,LAME
9,DIRE
12,TAWS
10,GIRO
9,JUMP
12,EFTS
10,FOAM
7,SKUA
12,LAWS
9,BRUT
6,NURD
10,WAIN
6,GADI
8,WICK
6,HUED
11,KANE
9,CORY
7,BUNT
6,DOUR
8,RAPS
2,MANS
6,SURA
12,DEAR
11,WARK
10,DUNG
6,STAY
7,LURK
9,FONT
8,VILE
8,CITY
14,NEAR
6,BEGS
8,MEGS
8,UGLY
7,COLD
6,TURD
10,PLOD
9,NAPS
6,ISBA
9,GATS
6,BAIT
6,SOME
11,HACK
9,ROSY
7,HALT
14,HEIR
9,GIRT
16,PASE
7,FORM
7,SPEC
9,VOID
11,ELKS
10,OPES
6,ARSE
13,ROMS
10,SYNE
4,RAMS
13,ZIPS
6,DOPE
10,WARP
8,FIVE
5,BITS
9,FORD
5,AMIE
8,PUTZ
9,HUMP
9,JOLT
9,GEUM
7,PYAS
8,CORY
15,CLAP
7,KIRN
8,TICK
14,THIS
9,RACK
10,HOST
7,BUND
11,TUBS
7,OBEY
8,CABS
12,MULE
6,PEWS
11,EBON
8,HUSK
8,RUKH
9,RAKE
8,WITS
7,CAFE
10,ALOE
10,DERM
10,ZEBU
12,LAIN
10,SPUD
11,LORE
5,UGLY
10,PISH
8,SHAM
10,UNDE
9,ERST
7,MORA
7,JOHN
6,TUMS
10,ZONA
13,ZEDA
10,STUD
13,SLAB
10,FACT
8,HOLE
10,LITU
10,HEAP
9,FUGS
12,CRAB
13,PINS
8,TICK
6,TRIG
12,WADS
11,ROSE
10,ROVE
4,SMOG
17,SPAY
6,JUTE
16,LOSE
8,CAGE
7,WARM
6,HOES
7,VINE
8,DAZE
6,PUCK
13,WORE
11,PADS
6,MODE
10,PUTS
9,SUNK
6,TEGU
8,ARES
7,CLOP
8,PACT
10,VINO
8,POND
8,RACY
10,COST
9,YAGS
7,PENT
11,CABS
7,UNDE
7,QUIZ
9,WHID
8,DOUX
6,BIOG
5,REBS
8,KNUR
8,SEAL
9,GHIS
8,DUIT
12,WIGS
11,TOLA
8,SKIT
9,WAVE
11,YETI
8,HAZE
11,FATE
10,JUTE
8,TRES
12,LOVE
7,PALM
5,HOYS
8,LURK
15,FAME
7,CORM
9,IRES
11,FAME
8,ARFS
11,VUGS
8,ROLE
8,WAIR
8,BOIL
13,RIGS
6,WITH
11,TAMS
6,AVES
10,BAKE
18,TOES
12,WEST
10,ICES
9,UNTO
7,SOWN
9,AXON
8,LISP
6,ACHY
12,ANTE
7,MONY
12,BATE
7,BINS
9,ROLF
9,BUDS
8,RACK
9,DIRK
7,SLOT
12,TALI
9,ANIS
12,BRAG
7,SNAG
9,OHED
8,WADE
10,WOVE
9,RUTS
8,HELM
6,URPS
8,CRAB
7,YUTZ
7,BONE
10,CAGE
9,MOPS
7,GUDE
7,MAKO
16,ANES
7,SHIP
9,SLID
11,BIDS
7,HIYA
9,SWUM
6,ENOL
8,HOYA
10,RAWS
10,TIRL
7,CLIP
9,MATH
10,TOWS
8,STYE
8,FRAY
8,HOMS
8,VINY
10,COMB
6,BAMS
8,WHIM
9,ROAD
10,TILS
8,ORCA
8,PFUI
6,LETS
5,HYTE
8,INRO
7,TINE
9,AUGH
13,GOAS
6,PRIM
10,LABS
7,WYLE
4,KUDO
6,MIRE
10,BANS
8,NOSY
11,PRAM
6,LAZY
8,ULAN
4,CASK
10,CION
9,SETA
12,WERT
13,GRAM
8,BETH
8,RILE
7,KNEW
7,CLOD
8,MANS
14,NABE
12,IDLE
5,TALI
12,PEGS
15,CONE
11,AINS
5,MONY
6,HAMS
6,CHAI
6,CUNT
5,HILA
7,RUBY
14,ROUT
8,GELS
10,HADE
7,TAGS
5,ACME
10,COLA
7,PFUI
5,LACE
10,ARFS
8,BEAT
9,PHON
8,PONG
9,PATY
7,NABE
11,ORES
7,GABS
7,AMOK
7,WAYS
8,HURL
10,GUMS
10,ALBS
8,OURS
13,HOKE
7,ZERO
9,SILO
8,COWS
9,NITS
7,WENS
6,VASE
9,CAVY
8,KING
9,LUES
12,PACK
6,SLEW
11,HILA
10,RAMS
12,DEAR
9,THRU
7,PANG
10,OAKY
7,NIXY
8,QUIZ
9,ROUT
14,ANUS
5,RAIL
6,DRIP
9,WRAP
6,PHUT
9,PUNK
8,ADZE
12,SONG
10,BROW
9,PERC
5,CLAG
9,FOHN
9,SNAW
4,WOLD
7,GRIZ
8,AIRN
10,TACH
8,LAND
7,KIVA
7,BONE
6,SHUT
9,PEAN
6,FUJI
5,AZON
10,UNCO
12,WATS
7,LUBE
7,FORT
10,TORC
9,JAUP
8,CLOY
10,HAED
7,BONG
6,RIFE
12,RYOT
11,EMUS
9,MAST
12,VACS
7,OBES
8,LARK
10,WONK
8,DANG
8,GAUR
7,WAIL
9,DOLS
11,KABS
10,TROY
8,KIEF
5,HIVE
2,WHIZ
15,YEAS
9,AIDE
9,ILKS
12,HEIL
14,EGAD
15,LUDS
7,PLUG
8,LUTE
12,GOSH
5,DRAG
6,PUNY
7,ILKS
9,ONLY
5,MONY
9,RUTH
7,GETS
9,DOWN
10,NEUM
6,PANS
9,PAST
8,KIER
9,POST
4,LUCK
8,TURN
11,TACK
8,TORA
6,IOTA
9,BUNK
10,SEND
6,BORE
10,DURN
7,LUST
6,FLAP
9,HAST
6,FUNK
8,MALE
11,BANS
9,BOAT
15,RAMP
11,GINK
7,GEAR
9,CHEZ
12,EAST
8,YANK
13,AERO
11,ZAPS
11,CASH
11,HAES
8,TARP
12,WHAT
11,SANG
7,JAYS
7,MOSK
9,BURN
8,VARY
10,SAGO
8,RUKH
7,COME
9,BUND
11,PAIR
8,MADE
7,LICH
6,HIPS
12,ASCI
8,PEAN
11,IONS
4,WITS
8,CRAW
8,BAWD
7,MADE
8,GLUT
7,HENT
9,TAWS
12,LUTE
6,HELM
7,PIAL
8,YARN
6,SPIN
8,NOME
9,ORYX
7,GOWK
10,LASH
7,COIL
7,ORGS
7,CHUB
10,SOLI
8,CARK
10,IKON
10,BUDS
15,LEAN
9,ALPS
9,URNS
7,IDES
8,PUGS
6,COVE
7,SYNC
14,RIOT
9,HUCK
9,SHED
8,GAYS
7,RANK
7,JOUK
7,RIGS
7,WALI
7,LAZE
8,CHAI
3,METH
7,LUNE
11,RODS
14,FRAT
7,CULM
5,UTES
7,LENS
7,FLUX
6,BETH
7,VIRL
11,REPS
13,BENS
7,SNIP
8,NOCK
10,GUTS
12,NOSE
13,FEAT
7,QOPH
7,SIKE
7,UMPS
10,KVAS
10,JABS
5,COWS
8,TYKE
8,DOTH
6,BUTS
7,MINK
6,FURY
9,FEAT
16,STAY
6,DINT
7,HALF
7,AZON
5,POCK
13,PION
7,REST
7,KILO
5,KUNE
11,ODAS
10,GUYS
5,IONS
7,RUNE
8,ODEA
11,SKAT
9,FADO
10,MEAL
8,PATS
12,GAMS
6,GAVE
5,AERY
12,VAST
7,PUNG
9,YAGS
14,OVEN
16,OUTS
7,JUCO
8,SINK
5,CLAD
13,SCAN
9,REFS
6,FLUX
10,MERK
14,LEAS
7,SCRY
8,ARCH
14,WINO
10,TOLD
8,GRIT
9,PERK
9,GYPO
6,MIRS
10,FEUD
14,SAIN
6,YAWN
10,FAIN
9,SNIP
12,SOAK
11,TACO
8,HOWF
4,YWIS
12,PEAT
7,DRAG
10,METH
10,DIES
9,GAUN
10,RIVE
7,HELD
7,URGE
8,PALE
10,MIGS
16,SIMA
13,SADI
7,GLUM
14,GERM
4,DUCK
14,YEAR
14,YONI
8,FOIN
9,MANS
7,WANE
9,JOLT
5,HINT
9,MITE
9,BOTS
8,SHEN
6,HIKE
8,ZEKS
9,RAZE
8,CLOY
9,PYIN
12,NAVY
6,SORB
9,PORE
10,TAPE
11,HOAX
9,BIGS
11,YLEM
6,WALE
7,CLON
7,JAYS
10,CIAO
9,BEAD
5,CRIB
9,WADI
9,DORE
8,PITH
9,BALK
7,FADO
12,YIDS
6,SLOB
9,NARC
9,BISE
8,GUDE
4,HIVE
7,GAIT
4,INRO
8,RUDE
8,KEIR
15,MOWS
11,FOYS
9,CAGY
9,WHAT
11,ANUS
11,SCUT
10,SUNK
6,TOWY
8,GILT
13,TIRO
9,FOGY
10,AVES
14,RATS
8,FARM
5,VEAL
8,BAWD
8,WHAP
8,ACNE
8,CYME
7,CHEM
7,DUAL
10,RIFT
10,LOCH
10,HOLT
9,RULY
10,EGAD
10,DISK
9,NOSH
7,CROW
8,KIVA
13,LEKU
8,DIRK
5,YUTZ
8,CHID
8,ROTI
9,CYMA
7,LOUP
8,TUBS
11,PEAN
9,DROP
13,LIEU
8,BATH
6,STEW
11,FLEY
9,FUDS
9,BONG
7,HOWE
11,ALES
7,WANS
7,LIMB
11,SHAY
6,OBES
5,TOIL
8,KOJI
12,FIRE
9,PEAT
9,URDS
6,FUND
11,VETO
9,AGUE
8,GELD
7,YUTZ
7,LUNG
8,MICK
14,EATS
9,PEAN
5,NEWB
7,BLOC
8,DULY
10,JOYS
8,ARCO
9,PLEW
8,KANE
10,CAIN
10,GRAN
9,MIPS
9,CLIP
8,COAX
11,PEAT
9,MOTH
9,FUME
12,AGIN
11,CRIB
3,MOPE
12,RISE
12,SARD
11,ITEM
4,GUST
10,CENT
7,SPUD
8,WAVY
7,TUSK
13,SANE
11,AWNS
11,ACHY
14,SLAG
9,DEAN
9,FLIR
11,PERK
7,JOLE
13,YUPS
13,JAPE
6,EMYD
9,KETO
7,CERO
11,PERI
8,WICH
8,DOTH
13,BAST
8,LIMO
7,MARL
4,HOAR
9,LAUD
9,BRAW
12,TEAR
8,FYCE
9,LIPS
11,COSY
8,SYNE
7,AMOK
9,HACK
9,PERC
6,YAWL
9,GLUT
6,LICH
6,SANG
15,SWAT
9,FINS
6,TYKE
6,DREW
7,BETH
7,RIMY
7,PICE
9,FINK
11,TREK
9,RUSH
13,BANI
6,PALS
7,SOUP
13,GOER
10,RANK
6,RUTS
11,BLOC
7,PUNY
7,OWSE
8,BEMA
7,WETA
10,OINK
15,BREN
12,ZONE
8,STUN
13,BOAT
9,PHOS
11,PEST
9,POUF
10,DANS
10,ICED
8,COMB
12,SOLE
12,OVER
7,DAGS
7,BLOT
7,BIER
9,CUMS
14,USER
5,ARGH
13,DAGO
8,CORS
12,LEAN
9,SNIT
10,SITH
10,NOSE
10,HIKE
9,FAVE
10,OAFS
8,ZONK
11,BUST
10,KEYS
9,PEAR
9,PLOY
14,YANG
7,YUTZ
7,RIVE
8,LAGS
12,NEWT
10,MODS
10,HOLK
10,VOLE
11,AIRN
5,TINY
10,CHAI
11,UNAI
5,GIRL
7,CROW
7,MEGA
7,MILK
9,GYRO
8,KYES
9,LOCA
8,RITZ
9,BRIG
8,GAIT
6,CUTE
7,MEWL
13,POKY
9,WARK
7,SKID
8,GAMS
10,TIVY
12,HART
5,LIDO
7,ROBS
6,OURS
10,SLEW
5,BUNS
11,VIAL
8,COAL
8,NUKE
6,FIVE
8,TUCK
15,TASE
7,HONK
9,WAME
12,CUMS
8,COLA
7,HOLS
7,WEAK
8,LEHR
9,TOME
7,BUMP
8,HORK
8,AGES
9,PAKS
7,ANES
13,FETS
11,OPEN
9,DOWN
5,NIBS
4,KIDS
14,CANE
8,DELS
6,WYTE
9,WREN
9,QUIP
11,HEAT
12,TANG
5,BUNG
5,RIAS
9,HODS
13,HAYS
10,BONY
19,REAP
9,POSE
6,OKAY
9,SNIP
10,NOES
10,HAKU
7,MOTE
10,RUES
9,NOMS
11,DENT
9,HOUR
6,KEGS
13,SATE
7,WOMB
6,PAID
11,SCAN
8,BARD
9,MERC
3,KNEW
4,WHOM
8,LIBS
8,PALE
10,RUMP
7,HYTE
6,BANS
8,SPEC
10,GITE
9,FEAR
7,ECOS
8,FOUR
10,SNAW
8,MURA
7,PICA
11,GAED
7,OBEY
7,NAPE
11,STOB
11,ECHO
7,LORY
9,RAPT
5,DORM
11,BERG
7,SILK
7,PASH
7,FYCE
9,INKS
9,CUTE
11,OMIT
6,BLOT
8,EPOS
7,LIME
9,YUCK
10,WICK
8,NOCK
11,WAUK
16,WINS
9,PISO
9,GADI
8,CURT
9,DYER
6,LENO
10,MILE
8,RUCK
8,LIEN
5,LAHS
6,PROD
11,VLOG
7,KNOB
8,DING
6,HUMP
8,HOWL
5,GAWP
10,MORS
6,MICK
17,PEDS
9,GLAM
7,BIAS
6,CONE
14,FUEL
11,DEPS
9,DURA
12,DAWS
11,INKS
10,ORGS
10,MUGS
9,MOAS
8,PUMA
7,MEGA
7,MUSH
3,DITE
3,LAME
8,AHOY
10,HIES
10,DORM
7,KAME
8,SHOD
8,PARE
10,CAMS
6,WOKS
6,MODI
8,HYPE
7,DEFI
6,NICK
8,COSH
7,HORK
9,HOLP
11,ARTY
6,GORP
6,SUCK
9,SHED
12,TASE
9,DAZE
11,ANTS
9,LOGY
11,NEBS
9,LOCK
7,RINS
10,DISC
8,RECK
8,POSY
5,SOAR
8,DINT
8,KNAP
12,HAGS
9,INRO
9,ALEC
10,NIXE
11,RAIS
13,LAMP
11,SNOB
8,LICE
14,FOAL
8,WHIP
4,QUAI
11,NEMA
10,WORE
8,CURE
7,SENT
7,LAIC
11,MAID
14,FATS
5,STIR
9,DUOS
10,WELD
10,FICE
9,MINK
7,USER
7,CHUB
8,PECK
8,OMIT
10,COSY
11,SOIL
7,MEOU
8,NEIF
9,ODES
8,MUSE
10,CERT
10,DONA
8,AHED
9,HORK
5,DJIN
14,SKIP
9,SHOD
12,TROD
2,FOGY
6,TOWN
6,DAMS
8,HORN
7,GILD
11,AYIN
9,SCAG
10,AINS
7,RULY
11,WILT
11,IRKS
5,MOSH
10,SKID
9,SEND
9,CEIL
10,HITS
8,OKRA
10,SECT
8,HUGE
7,BREN
10,MISO
9,LIMB
13,GIPS
7,JEST
10,NIPS
12,BOSH
6,BOIL
9,SKAG
9,DAMP
8,DESI
9,LOTA
8,BEAM
12,CHAY
10,AGON
11,LOAN
6,GORP
17,LIRE
8,HICK
8,ETHS
7,WILD
7,ATOP
6,EYRA
12,DAPS
12,JARS
9,YOWS
5,PLUM
8,WAGE
8,BARN
5,TODY
9,ACHE
14,LATI
6,PELF
10,KUNA
5,JUDY
9,WASP
7,SCOW
14,GABS
7,FILM
7,PILY
7,MORS
11,SHRI
6,ABYE
8,CAVE
14,SAGE
7,EGIS
8,FUNK
12,KHAT
10,WISH
12,PADI
13,NILS
10,HOLP
14,LOGE
8,GYPS
7,PULE
11,LOCI
8,MOPY
16,OYER
6,WONS
9,HONK
5,FOZY
8,WINY
9,LODE
7,CINE
7,OAKS
8,HYPS
10,HAES
9,MOGS
8,SPIT
11,KOBS
9,ROLE
9,UNDO
6,EDHS
9,JOYS
7,CUIF
8,CLEW
7,FLAK
10,BENS
13,CLAG
5,EMYD
9,JUNK
9,HANT
7,TUFA
9,DISH
12,PROS
7,SHOE
8,PAVE
7,PUBS
7,RUSH
10,WANT
7,DEVS
6,PEAT
9,PAIK
14,OWED
15,ILEA
7,OXER
9,DHAK
7,DREG
7,DENI
11,VANE
11,CAGY
9,MOLT
10,EGAL
6,FILK
7,BLET
7,KOBS
7,UKES
5,HUED
9,MAZE
6,DRIB
4,EYRA
7,SUMY
8,PYIC
8,CORD
12,ARTY
6,IAMB
11,GAZE
7,FLEX
8,COZY
8,DENI
14,GAST
6,GYRE
8,FIRN
9,FLAB
8,TREF
9,SLOT
3,SLUG
8,HWAN
14,TAVS
7,HOCK
10,DOTE
7,TOBY
14,REVS
12,YEAS
5,SIDH
11,HOTS
9,GUST
8,VOLE
6,DELS
5,UPBY
8,DIPT
11,WEAN
11,FUME
11,SAKI
8,LYNX
8,KIRS
6,AMBO
9,DRUM
14,LURE
8,IKAT
9,TUIS
9,TADS
10,AIRS
11,TARP
9,TWIG
10,BUTE
11,VISA
7,OWLS
10,GORE
8,RAGI
5,CHAY
12,DITA
7,RUKH
9,RING
10,OPEN
10,JEWS
8,LITS
7,LUNE
8,PINE
9,RUNE
15,IRED
7,SCRY
8,SIGH
12,DRAB
7,DULY
6,MODE
8,GOAS
7,BULK
6,WORK
8,SCUM
8,EMIT
8,BAYS
11,KAMI
7,YALD
6,JOES
5,ALEC
7,BATH
12,TIES
8,BUHL
7,RAKE
9,VIOL
12,LOWE
3,BODE
10,OLDE
12,BEAD
6,GAPS
7,BOND
7,NOTA
6,VOLT
9,DRUB
7,QUIT
8,MURE
7,TOPI
8,CRAB
7,PEWS
8,MUNG
5,DECO
11,DEVI
7,JANE
8,JOUK
8,PUNT
15,MOSK
12,RAID
8,MUNS
6,WILY
9,NEWB
11,DRAG
11,GLED
9,ECHO
11,RIAS
12,AGES
8,FYKE
5,RIFE
12,ARCO
7,CAVE
13,TAXI
8,LUBE
11,ROSY
8,BORN
4,BUHR
8,OWLS
8,PACY
14,HASP
13,UDOS
9,CUNT
7,VOID
7,ODIC
7,CORS
17,SPAN
7,PATE
4,TURK
5,DICE
8,KINO
8,LIAS
5,DITE
9,WIRY
6,ASCI
10,SOWN
6,SLIT
9,MACS
10,RYUS
13,SHOP
7,UNBE
11,SILD
8,DEWY
7,GRUE
8,GNAR
14,YAGE
9,SILO
10,DEPS
9,BURG
9,MAIL
6,FORE
12,SAID
9,KAIN
9,DOCS
9,DYKE
9,DRAW
14,ZAPS
12,QAID
10,STUD
7,MURK
7,AIDE
12,OUTS
9,FLOW
8,CARD
10,WILE
8,WHOP
9,SEAM
7,MILO
9,MAUN
6,HUMP
7,IGLU
9,TREK
8,MOVE
4,FONS
9,EXPO
5,ARYL
7,FLIT
14,FINE
16,BASH
9,SWOP
12,LEUD
11,MIND
11,DEAL
5,ONCE
7,WELD
7,CHIS
8,JUBE
3,VAGI
13,VOES
6,PINT
11,REAP
8,OAKS
7,UGLY
8,ROPY
6,LIMB
12,NAES
14,TARO
10,SLUT
9,HOPE
6,ABYS
7,KAPH
6,HUSK
7,ROAD
7,TUMS
6,FLOW
11,EMUS
6,PUTS
6,PADS
5,DOGS
9,DOUM
12,AVES
6,VAGI
10,VINE
5,CZAR
7,CURB
6,SOUR
11,RAMI
10,TORE
16,AXLE
9,SYNC
7,WINS
12,SNAP
12,ARES
11,GRID
7,OGAM
6,SWAM
10,PART
8,CHOW
7,PROD
6,WHAM
7,PODS
13,ZINS
9,MOPS
7,SHIV
10,DIGS
8,ROMP
9,KELP
8,NOSH
9,NOES
9,OWLS
8,MISO
10,UNIT
10,DOXY
9,DEBT
14,SALT
7,CUBE
7,DAUB
11,YEAR
10,HAGS
2,VINS
7,OXIC
9,SAIN
6,ZEKS
7,COMB
7,BRIN
8,BUDS
8,DORY
9,WOKE
7,DEFT
9,TOGA
6,WYTE
8,BLOW
4,BITS
9,HAET
8,STUN
10,WABS
7,FOUL
9,TADS
11,ACRO
7,HEAT
6,KIRN
6,PEON
10,REPO
5,RUMP
14,GOER
10,RELY
11,BRAY
7,TYRE
7,SKIN
8,AXIS
9,DOWN
12,JETS
12,GOYS
9,RIMY
9,PITH
8,HUIC
7,GADS
5,PRAU
11,FANG
10,TEGU
7,SUER
8,COPE
10,FARM
9,BOLE
3,NURD
9,NECK
6,PAYS
7,OBIT
9,CINE
6,PEON
16,SATE
6,GAUN
8,SHUN
13,MILT
10,MILD
8,SMIT
7,JURY
10,HERM
8,SLOP
5,FRUG
7,SLUR
8,CLAD
10,TEAM
7,MENO
8,GLAD
10,BIKE
7,GAMY
6,SERF
8,BURG
8,TOPH
10,POET
10,FAGS
7,HATE
11,MISO
10,DIPS
9,HAEN
5,BOXY
4,PAIL
11,DIFS
9,WYTE
11,AHED
10,SPAZ
11,AIRT
8,PITY
9,HOLS
7,MONK
6,DUMP
9,WILE
8,OVAL
4,EXIT
8,TEAR
13,OGRE
8,YLEM
8,WYTE
7,WING
8,GINS
6,JUDY
6,ROMP
9,DOZY
12,YLEM
10,NOSE
12,CARS
6,KNUR
7,DRUB
7,DRIB
10,CAIN
11,FADS
11,GAEN
8,KIEF
7,COLD
8,RETS
7,RYUS
6,YURT
9,FLAG
9,OVAL
15,KAIN
10,SHIT
7,LOIN
7,COIR
7,MAIN
9,OBIT
8,ROUX
11,RAIS
13,YAMS
9,SHIM
6,LOIN
10,FOLD
16,BASH
6,LOSE
11,HAFT
7,ULAN
9,CUSP
7,DISH
9,DRUB
9,PALM
7,HUNS
9,MENU
6,ERGS
7,LITE
6,BIOS
8,BOAT
7,CARD
14,APSE
9,SORD
7,RIDE
9,SLUB
9,YANG
11,COME
8,WHYS
9,GRAB
7,WELT
9,YARE
8,PACE
8,HETS
4,SKIM
9,HIST
8,SWIG
4,CARB
9,HURT
10,TOGS
9,TEGS
8,BACH
7,CITE
11,MASH
9,MIDS
8,VANS
4,ZERK
8,SOUL
8,POUT
9,DAWK
8,RUKH
8,NOUS
7,FLIP
7,NEUM
3,COLA
6,BUHR
11,STAY
5,SICK
9,AHEM
8,HOLY
10,RIAL
7,MACS
10,SPAR
8,BYES
11,WHIP
8,FOXY
8,GUDE
8,LURK
7,GALS
11,ROUP
11,PANT
8,ETIC
9,HEMS
9,FLOP
10,JIRD
10,MICE
7,THRO
15,RAFT
7,CALK
6,USED
7,TIED
9,BEAM
12,WASH
5,JUGS
7,SOUK
9,EXON
9,CRED
11,OLDE
11,FORE
11,RUGS
8,HULK
8,METH
7,CAYS
7,KAIN
10,HALO
11,BRAE
8,FLAM
7,CAKY
8,TARN
9,WEAN
9,SACK
12,TECS
9,QUAG
13,HOPS
10,ROLE
7,GEMS
13,MEOW
9,BEAK
8,KEMP
4,YOCK
9,GAPY
8,SUKH
7,TUBS
7,RUTS
8,BECK
8,WEND
8,SUKH
14,RAKE
7,ROCS
8,JAUK
10,KEAS
6,HERD
11,FILE
9,GAPS
8,GAST
7,NIXE
6,COIF
6,TOGS
9,GOWN
8,PLAN
10,ABOS
7,LICH
9,KBAR
8,SYPH
6,CADE
8,JOEY
7,LOWE
8,TANG
10,CHEW
9,GUMS
13,PODS
8,CONK
6,FROG
9,KERB
8,ICHS
11,KALE
10,SUMP
8,XYST
8,DIKE
7,HAWK
8,RUNG
6,FLAG
6,ETUI
8,FACE
11,PANG
9,TEAR
9,SKIT
8,ERUV
8,MILD
12,LOIN
8,APOD
10,FLUS
8,LAMP
7,PAST
8,SHOP
8,BYRL
8,OAST
6,ELMY
10,BEGS
9,CORK
3,UNDY
7,UDOS
15,GATE
6,NILS
15,JIBS
16,FADS
15,GIED
8,HINS
8,BUND
11,WASP
7,UNAI
7,DAWN
8,CODS
10,HIND
4,TEMP
5,PEIN
9,SNOT
7,HODS
9,NOTA
14,GATE
11,SOBA
8,PICE
9,TROU
9,LENS
12,TIRL
9,WILT
14,OUST
9,BREN
12,NOSE
10,ROUP
14,HAPS
8,YIRD
7,MOCS
13,TAWS
6,DUMP
7,SCAR
8,LAMP
9,TAME
7,GOWN
8,TEMP
9,ANTS
10,TUNS
6,WADE
8,PINK
7,RODS
18,ARFS
10,MOTS
9,YEAR
11,PREY
13,SUGH
16,RANT
7,OINK
12,SCUT
13,ZERO
11,DAWS
7,DOZE
9,HYTE
8,ISLE
15,VATS
9,SEXY
6,EAUX
8,HONS
10,NAES
9,HOES
8,PEND
15,LINE
9,LOTH
9,PEDS
9,OXEN
9,GILT
10,RIPS
9,GLEN
8,MORS
8,THRU
6,GOAD
6,LEWD
15,TASK
6,DUAL
7,DASH
8,MINT
9,PROM
11,EGIS
5,OKAY
12,GITS
8,SUNG
8,SADI
7,HAUT
8,YOND
7,FARL
11,ETUI
8,LIEN
15,TSAR
11,SIKE
8,VLEI
13,WISP
9,BONK
10,JISM
10,DORP
7,VIEW
8,SIDH
10,ICKS
12,WIDE
8,RAPE
6,KANE
7,DEYS
9,ABYE
9,NIXY
5,WENS
10,ACHY
7,VERA
6,GORE
7,HAUT
9,FINE
8,DUCE
8,AMID
5,RUSE
8,TOKE
6,DUPE
7,SWIM
7,MATH
6,TACO
6,PERK
5,COWL
8,PATS
10,TOIL
10,BAKE
8,ROBS
6,PAGE
6,PEDS
4,TROG
7,NIPS
7,WORE
8,FLAY
9,HERB
12,HAMS
8,PLUS
14,EARL
13,RUES
8,SOFA
11,SANG
9,FAUN
13,LAID
8,PULS
8,STIR
7,YLEM
5,RIFT
8,FISC
12,KETA
10,OILY
9,PIRN
9,BERG
8,SING
11,URBS
8,BYRL
5,FLUX
14,PIAL
7,DIKE
10,VOTE
12,LEVO
9,YOLK
10,HIKE
8,SIGN
8,KORA
7,SATI
9,COAX
8,VINY
7,RIMY
10,SNOW
10,SLIP
6,OLDY
6,NIMS
13,LOST
6,WIDE
6,MORA
15,LOIN
15,AIDS
8,PUGS
8,WIFE
14,EARN
7,SCRY
7,TACE
5,OWLS
7,IGLU
8,SHAG
9,LING
8,SELF
16,UNIS
11,GOTH
8,MOPY
9,ERGO
6,VENT
7,RUNG
13,ANES
7,FYKE
16,ZEIN
7,OHIA
9,PLEB
8,DHAL
7,KIEF
6,GLED
8,WILY
11,HEPS
7,FEAT
6,WITS
10,DOTY
12,BANK
6,BEAL
7,JIRD
9,AREG
8,FAUX
7,MAST
8,GODS
10,MOVE
8,SLUE
8,CHEF
14,LITS
7,YIDS
6,VENT
9,MOAN
9,FAVE
11,SERA
10,NAVS
9,JEHU
8,OVUM
9,CASE
10,RUSK
13,WISE
8,NOSH
11,SOFA
18,JETS
12,BAGS
9,JUTE
10,ABET
8,COKE
6,POMS
9,DIBS
7,WYLE
4,STOP
6,TING
10,GAMY
5,KOLA
7,SAGE
8,ALSO
6,YORE
6,CHUM
11,FOAL
10,FLAP
9,ABRI
8,TREF
9,VAMP
5,DUMP
8,FIDO
5,JEUX
11,EYRA
8,WARK
8,BRIM
6,FEST
8,DOPA
8,MINX
10,HAED
11,GIFS
11,CAKY
5,KAIL
7,MAKE
10,REIF
8,TOPS
9,DAWT
5,USED
9,OVUM
10,SLUM
8,AXON
9,NAIF
7,SILD
9,SEAM
8,DACE
11,CLOG
11,EXIT
8,TOES
10,TONE
4,MOKE
9,NOMA
7,MOPS
8,PILY
8,HOWE
9,LITU
9,ABYE
11,DONG
10,BUHR
7,VUGH
7,FEOD
14,LOAN
8,BEAM
9,JERK
11,GAME
11,ASCI
12,JOBS
11,CAVE
12,UGHS
10,OHIA
8,FIND
8,VICE
7,VENT
7,JOIN
6,HEAR
7,VOID
9,KAYO
6,DANG
7,HOKE
12,OXER
9,RYKE
4,PUTZ
10,YARD
9,UDOS
9,ROES
8,GORM
10,TOBY
8,SOUP
7,LOTS
13,BRAE
10,CLEW
15,EDHS
4,WANS
9,RUTH
6,PERM
7,THEY
8,PASH
10,GAIT
14,WOGS
4,VALE
15,FOES
17,SPIC
7,FUME
10,SWAG
6,VIEW
6,THIN
8,OKAY
5,PROG
8,TUBA
5,LATH
1,LATH
11,YAWS
7,GIST
7,MAUN
12,TEGS
9,STUB
10,MODI
12,DRAW
10,GUYS
9,DOUX
9,GOUT
7,FORD
7,KAGU
11,ZEKS
10,CLOD
7,STAR
7,TINE
5,GRAT
6,BRAT
10,KELP
8,SOYA
10,MULE
15,SEAT
8,TERM
13,BLAM
7,MACK
7,PYIC
8,NIXY
10,PHOS
10,CUSP
8,PADI
8,RUBY
8,DOPA
8,AFRO
11,WAND
8,MAKE
10,MERL
9,TIDY
9,SING
7,VILE
9,KITS
10,NARY
9,UGLY
11,FRAT
5,HECK
6,PURE
9,WAKE
6,DJIN
9,CALX
6,PHOT
9,LIED
8,DAUB
7,TAGS
11,SOBA
12,VINA
12,WORE
7,BUHR
7,UVEA
6,LIMN
8,WAXY
7,BONK
7,ROBE
8,LOGE
8,LOIN
6,ICKS
12,FEAR
6,SNOT
7,MODI
10,POET
6,TICK
6,WHOP
9,ARGH
7,AIDE
8,NUMB
7,SURA
13,KVAS
10,HOWS
8,COPS
6,LUMS
8,PLAT
8,TROU
9,DOPA
14,CORE
8,EPHA
10,GHIS
6,PLUS
16,EGAD
7,GASH
8,COWY
11,BRAT
13,PESO
12,TAUS
7,PINY
5,YAKS
9,NARK
4,PIGS
9,SCUD
7,LONG
8,PICE
9,VIES
5,SERF
6,HOPS
15,ANTS
10,RATO
7,WIND
8,DAUB
8,GUNK
10,KBAR
10,TABS
7,CHAD
10,CAMO
4,YOKE
10,COLA
10,SHOT
7,FICO
6,SCOT
6,TUGS
8,OBAS
5,LUTZ
8,COME
7,DIVE
15,LAID
8,CHIT
7,SYNC
6,BURG
9,TUNA
9,BALD
5,SPAN
11,NAME
8,DAZE
8,GECK
7,GEDS
8,PILY
13,SWOT
9,BOXY
9,GHAT
11,OURS
10,JOIN
8,KOAS
9,INBY
7,BRUX
8,DOUT
11,UDON
7,ERST
8,FOLK
5,FEDS
10,TORS
8,TACE
6,ROVE
7,GELD
9,OHED
10,CUBS
13,BOIL
6,PLEA
11,DOGY
8,SATI
7,CALF
10,POET
9,OWED
8,FOAM
11,WOST
8,BIOS
9,MACS
8,BUDS
7,UNDE
10,MABE
13,SERA
9,KEFS
7,FLUE
9,BANG
9,HINT
9,NEBS
6,YEWS
5,WARY
3,DOCK
5,ANTE
7,TEGU
6,NIXE
12,GUVS
9,CONK
10,TIES
9,SHMO
8,GUMS
12,AXIS
11,LIBS
8,DINT
15,WALI
9,CERO
8,REIF
8,JUBE
7,PINK
9,FUNK
7,FROE
5,HITS
7,BADE
10,PLAY
8,NOWS
9,FRAY
5,SORT
11,LOID
9,MISO
7,DUMB
10,PIER
7,TAUS
5,MUSH
10,WADI
5,LOGS
7,PYRE
9,CLOY
8,USER
8,HEWS
12,FORE
11,DEBS
7,PEHS
14,ARTY
8,DUKE
5,KAYO
5,FLOE
6,NAPS
8,BLIP
7,PANT
7,FAGS
11,LAVS
8,HUGS
12,MAPS
10,OUST
9,LAVS
15,SOMA
8,GODS
5,PROW
8,KAIL
4,CAMS
9,KIRS
7,DESI
9,SHAY
7,BUNK
7,LIDO
7,SULK
8,YEAN
11,SEMI
7,WORT
15,YELP
13,ARMY
7,WADI
6,DITA
9,MAKI
12,WORN
10,BANG
8,WANK
8,ERUV
8,KHIS
8,FLAP
7,ALES
3,MUCH
8,YUCH
4,YAGE
11,CORY
8,GRUM
7,SOAP
11,SIGN
8,FOLD
7,TOGA
6,PACT
10,AVOS
11,DUBS
8,VULN
13,SETA
13,TAKE
13,RATS
9,LOGE
13,ACTS
7,SNIP
12,TREK
18,SORA
6,WENT
7,SACK
7,JOTS
7,DIES
9,CORN
10,SHAG
7,INLY
9,BANG
11,FAIR
10,LONG
7,RUIN
9,KIRN
8,BERM
8,MAUN
9,DOWN
6,ODYL
7,AXEL
9,WISH
15,TAUS
8,DUNS
10,LITS
10,TOES
7,STUN
9,COLS
10,GLAM
11,DISK
8,FLAP
8,NOEL
7,WALK
7,KITH
11,LIMA
7,KITH
7,RUDE
11,ROMP
11,MEDS
6,TOPI
10,PASE
15,ZITS
10,SARK
9,PAWL
8,DECO
10,MAIR
7,FLOG
10,DOMS
10,DURN
13,GNAW
7,OBIA
10,NOSH
13,COAL
12,SPAT
9,DAKS
9,PART
8,LEVA
7,QUIP
7,SLUR
6,RAPE
6,PUKE
12,OINK
7,KOLA
4,CUMS
7,CLOG
9,LUNG
6,FOBS
12,REIF
11,JIBE
11,RAPE
8,MECH
7,PROA
9,QUIT
7,ETNA
8,LUES
9,HAKE
11,ZOIC
10,PADS
8,ZYME
9,CATS
7,MUNI
12,KINA
10,DISC
11,SPIN
7,NOME
9,PORE
7,FLIT
11,LEAS
11,WHOP
8,CAMI
8,DAHL
8,PAGE
8,GOWD
6,PLAT
9,PUCE
10,TERN
13,CHAD
9,ETIC
9,REDS
6,IRED
8,GAPY
9,SABE
11,GUCK
7,RYND
3,GIDS
9,DARN
8,LOUD
10,PICS
5,POSE
7,CAMP
12,KADI
7,MAST
8,WIGS
9,JOUK
12,PEAK
6,TURK
8,WAND
9,WARE
10,AXIS
6,NEUK
11,PORN
11,DRIP
8,MADE
9,NOSY
9,WILD
8,HONE
8,KUDO
10,WOVE
7,OXIM
13,AMPS
12,WASP
12,LOWE
11,STUN
9,CLOG
5,BINE
7,JUTE
8,GLIA
6,YUKS
8,CUSK
8,IDYL
11,SAFE
8,PLAN
8,DOTH
6,CLUE
7,CODA
4,WOGS
10,WEAK
6,ALME
7,PORN
10,IDES
9,TOCK
10,SEAM
7,NAOI
16,KATS
9,SKIT
6,RIOT
9,SYKE
7,BENT
9,CUBE
9,GOTH
8,LACE
7,ROBS
10,HERL
15,STAB
10,BURS
3,FANS
8,SLAW
7,POIS
16,ZONE
11,DOES
8,MAGE
8,DIOL
9,LUDS
10,NEAP
8,CUBE
8,WHID
6,ECHO
8,MANO
9,BORN
10,ISBA
11,REST
6,LOWS
8,ROIL
10,BYRE
8,ORTS
11,BELS
15,HAEN
8,PEGS
7,HAYS
7,LONE
8,SEIF
14,DESK
10,AGLY
10,ORES
10,CLON
6,PYES
6,TUFA
8,JAWS
9,POUF
11,EURO
6,FUTZ
11,LAZE
10,DEWY
8,TRAY
10,WAKE
11,BATE
8,WHIG
6,GENT
11,MAES
8,THRO
4,OWTS
7,GYBE
6,RETS
8,ICHS
8,LORD
10,LOBE
7,SCRY
12,TARE
10,ANES
7,CURB
12,BROS
7,INTO
8,RASE
4,KEIR
9,WINE
8,CUDS
8,FARL
11,JUNK
12,HAYS
17,ATES
9,CLOD
10,WEST
8,PINE
7,PUMA
7,DORK
13,JAWS
16,VERA
11,OUCH
4,CONY
7,LUNG
8,DIPT
12,FLUE
9,MOLT
8,POST
9,BRAS
9,ILKS
9,JURA
11,SETA
8,LIAR
13,CLIT
10,SLUG
8,CARP
9,PECK
10,ROSY
9,KAFS
8,GRID
9,GAPS
6,PULI
9,RHEA
6,KIBE
7,LAMP
8,CARE
4,GEUM
10,TUBE
10,BIDS
14,AHIS
12,COLY
9,DORK
5,RAMP
5,FUSE
7,LUNS
6,PIAS
9,ROUX
7,PEAL
9,PEST
7,JOWS
7,LAST
11,ACME
8,STOB
11,FOND
14,HYLA
7,MECH
9,MIBS
7,ACED
9,SANK
8,CHID
17,JARS
8,FYCE
8,BICE
8,PHOS
7,CUKE
7,ANKH
8,CRIB
5,BLET
5,OBES
11,HANT
11,LAIR
12,SIKA
9,MYNA
9,AITS
10,MUNG
7,BANS
7,GOAD
9,PEAK
9,MALE
8,FORE
6,KOAN
17,SPAZ
7,RUKH
8,GNAT
5,BIRD
8,CHUM
10,EONS
12,RIFE
8,MYCS
12,PEDS
9,MICE
8,KITH
8,GELT
12,JADE
7,COAL
13,HAES
3,RAWS
6,FUBS
8,SARD
5,CHAM
10,COTS
11,TIED
6,CONE
9,HAEN
8,SATE
13,DRAT
10,RATS
10,SUER
7,ONCE
9,SOUP
6,LOPE
11,HORN
9,BRAD
8,SUET
10,DUET
8,COME
4,GOLD
12,LOTS
8,WYES
10,BATS
11,ULVA
11,LASE
6,LEPT
9,VOLT
9,FIBS
8,COAX
8,POME
12,JOTS
7,HOWS
8,AVOW
8,NITE
9,RHUS
8,SEPT
9,RAKI
7,TRIO
12,GASP
8,WARE
8,CIGS
8,URPS
11,GRID
9,LIAS
14,REDO
13,CHIN
6,PELF
8,DICK
7,GAUN
8,BUSK
8,SANE
10,GRID
11,TIED
9,DOGY
4,FARE
7,VARY
14,LAIR
8,STUM
8,ODAH
14,MOBS
5,BRUX
14,BRAW
10,WOTS
9,KINE
9,HUGE
6,BISE
8,CRIP
7,MAWN
14,SIMP
8,MUNG
11,YORE
8,SAGE
9,ORGY
8,ARFS
16,RAZE
6,DOUM
12,DELS
8,IDYL
9,BONY
12,SNAG
8,WONS
8,QOPH
14,DOVE
5,VOLT
9,HELO
9,IDES
7,TONE
9,DAMN
7,ZANY
6,HOSE
9,URIC
7,SORT
7,OPUS
9,KYAT
12,LATE
7,BEGS
7,OGAM
5,AVER
7,GLIB
10,ORAL
8,FUTZ
11,HAZE
8,DULY
9,KEPT
9,HEFT
10,OPED
8,OVEN
7,MESA
8,NUDE
6,IDES
7,YUCA
9,CAPS
14,UTES
12,SOCA
6,CODA
10,PARS
10,BYRE
7,PECH
8,RYND
8,TALK
9,GLEN
8,QUEY
11,POKE
9,LARI
11,EDIT
7,WIFE
7,GADS
9,MAZY
8,DINO
8,TACE
13,JAYS
11,RUES
8,OMIT
7,WENT
12,GOAS
11,AEON
9,LOGS
6,RIOT
9,AHEM
4,ICKS
12,MARE
6,ROMS
11,PALS
8,VAIN
5,SURA
6,POMS
7,FORT
8,PILY
7,NOMS
8,TEAK
9,HANK
10,MAID
9,GILT
8,YULE
9,LEVO
6,DIMS
10,KVAS
15,DEVS
11,JARS
10,DOTS
9,CIRE
7,TOLD
7,BARK
6,CUNT
9,JINX
6,COIL
10,PURE
8,TRUE
13,AXON
9,GAPY
11,STEP
7,CLOP
3,DISH
15,SOKE
9,RANI
9,FUTZ
11,MAKI
7,CLIT
14,WEST
7,TEIN
10,QADI
11,GYRO
11,COLS
8,GLOM
16,VAIN
9,TALI
6,WHUP
13,EARL
7,CRIT
9,YODS
9,BIER
9,TOES
12,LAPS
6,HEAD
5,FONT
9,VERY
7,NOCK
11,PODS
9,CLAN
9,OAST
6,DAYS
4,SLIP
9,MAKE
9,IKON
7,BEVY
10,TORI
9,CHIT
8,MERL
11,TORI
11,NABE
12,ALIT
10,PREZ
10,DISK
11,OATH
8,PLOW
9,WAIR
9,CORF
9,TYER
10,KNOW
8,FADE
10,OMER
7,LUDS
6,TOFU
6,JUKE
9,DUNS
10,KUNA
12,TARP
12,SHAD
9,HATE
7,LEAS
10,RUES
5,RANK
15,DUST
9,FLIT
7,DUCT
9,YANG
9,MIRS
7,KILO
8,ONUS
8,FOGY
5,NYAH
7,MORS
7,FROM
12,SWOB
10,FOCI
7,FROW
8,HOBS
11,TAPS
8,PEAR
9,BOLD
12,GRAB
10,HAVE
7,SLED
10,SCAD
12,GADI
8,MAGE
15,AEON
8,PAID
9,DISH
9,GOER
10,MOKE
6,WHYS
4,ROCK
8,FIAT
11,MAIR
8,SNAW
8,ROUP
7,DELT
5,TAIL
8,CRAG
7,BRAN
7,REFS
8,GAPY
8,MAKO
8,TARE
7,GEAR
6,POUF
9,BOND
12,DRAT
10,SCAR
9,TOWS
7,LICH
7,BEAN
8,FRAY
6,SUPE
14,AVES
11,PICS
10,YOGH
10,MAGE
10,CROP
13,NAZI
8,PACE
8,TUBS
10,GLOW
7,LIEF
7,MOBS
7,AYES
6,CURN
7,SPAE
5,WISE
5,INLY
12,SOJA
9,SING
15,FOBS
10,MECH
7,CUMS
12,GAOL
8,HAND
10,DIVA
10,AGLU
9,AGLY
9,MERL
8,LUNT
8,PESO
7,LUDE
8,DAME
9,PLAT
9,HIYA
8,RIND
14,ANUS
8,NOMA
14,AXES
10,KEMP
6,HULK
9,DAVY
18,OVER
8,AIRS
8,GIRT
10,RIVE
9,WINO
16,LACE
8,PIES
8,ZEBU
10,LOIN
8,BINS
7,NOSE
8,DOTS
9,YOWL
11,COLD
5,DABS
11,NOIR
7,RAMI
7,SIFT
6,PUCK
8,SWOB
10,JOWS
8,ORAL
9,CALF
6,WHIZ
8,AKIN
7,ECHT
8,DUNS
8,YAUD
8,PIRN
6,GAPY
10,NAOI
8,FOIN
11,MITE
3,ALOW
6,KOPS
13,SNIB
10,BROW
9,REIS
11,BOTA
10,PUJA
8,MHOS
7,POXY
10,MELT
11,BISK
9,LACE
10,SING
11,SUER
9,DONS
14,PERI
5,NEBS
11,FORT
11,DAYS
7,CURS
11,GASP
8,PIXY
3,BUCK
5,TUPS
8,CURE
8,DURA
13,MITE
8,HUNG
13,KETA
10,CLOT
7,JOWS
4,JOBS
11,TADS
8,WARN
10,FLAM
13,SHEA
7,MARK
17,LARD
9,WORM
8,KRAI
7,ARYL
4,OPEN
6,GAUD
10,OMEN
12,SKAG
9,QUAG
8,CHIS
9,DEMO
7,JOKE
8,GUCK
10,WARP
12,URNS
8,RIEL
4,CORD
6,HURT
13,LOSE
9,UVEA
9,KEAS
6,UPDO
12,MADS
6,MAUN
10,BENS
7,TOBY
6,MICK
13,PIAL
11,SPUD
13,FIGS
9,LOTH
9,PEND
7,YURT
7,HIRE
18,HADE
6,DUOS
9,THAE
12,ACNE
9,BAST
9,JUCO
19,APOS
9,WOLF
8,KOBS
9,AVOS
10,ONCE
8,HICK
9,JADE
10,HUIC
5,WISP
9,NOTE
14,SALP
9,LANK
8,KIRN
10,LETS
10,TROY
8,LARS
6,BANK
9,RAMI
9,MEAL
7,BUST
10,CAUL
7,OUTS
12,JUNK
8,ROUE
8,DEWY
7,KEIR
10,WALY
9,ICES
7,COMA
9,WAIT
7,TORY
11,DAMP
7,ZYME
7,CRIB
3,LIEN
9,KINS
11,CODA
9,SPUR
8,TAPE
5,HUGE
13,WEST
9,YAUD
9,EVIL
9,MOTH
8,LIER
7,RYES
12,SEAL
10,HYPS
9,KBAR
10,CLAP
8,DISK
10,WIRY
10,WANY
7,MOVE
14,FEAR
9,HOAR
11,LAGS
9,RAGS
10,SLIP
8,JEUX
5,PICE
7,FINS
10,MODI
9,PLED
11,CAID
12,GIES
6,ETUI
10,BONE
13,DONS
6,WAVY
15,VERA
7,KAPU
14,SEAT
6,SYBO
3,WARP
5,RUNS
9,TOIL
12,SAMP
12,STAW
10,LEND
11,ACME
10,PYES
8,ECUS
6,TOLU
9,MARE
8,UNTO
5,GROW
9,NETS
10,CRAG
12,CHIS
7,UNIT
9,WOTS
9,PALY
9,PUDS
12,FAIL
13,FRAY
7,DINE
10,UNDE
10,MOPS
9,HALM
5,FRAE
11,AGLU
10,BRAY
11,WAST
10,PUBS
7,PITS
6,FUNK
9,LOUP
7,ARTS
7,CURS
11,OKES
8,STAW
12,SPIN
8,KOEL
8,WADE
10,GINK
8,HYPS
8,CRIS
11,PINA
11,NOEL
10,KOPS
5,MUDS
7,SWUM
10,MAKI
9,SOWN
7,OWED
8,AMUS
13,DAZE
11,GARS
9,DOSH
4,WING
6,NYAH
11,URGE
7,NUBS
10,BIOS
7,KENO
9,JURA
5,VEGA
10,PLAT
6,BRIS
10,VINE
8,PUSH
10,MOST
10,PAYS
13,HOMA
8,DOLS
7,GERM
11,DURE
9,VEXT
7,ULNA
9,TOWN
8,TENS
11,MOBS
5,KNIT
13,SNUG
9,CIST
7,KOHL
8,ORCS
9,JINK
9,OKAY
10,CUDS
9,RAGE
10,OUPH
13,GETS
11,TOSA
6,VEXT
8,NORM
7,DEFY
11,DOGE
9,PALE
6,GUID
9,DOPE
8,FEOD
9,SWUM
7,KIRS
6,ACNE
12,FORA
6,LODE
10,FRAP
8,QUAD
7,ELHI
10,ICON
7,KAPU
8,IBEX
8,TOCK
8,BENT
14,SITE
10,CAGE
9,DRUB
6,FRIZ
8,WEAL
13,OATS
15,AMIR
6,TAMS
12,ROUE
11,BRAW
11,FLAP
7,ANTI
14,ALME
8,KHIS
12,LURE
8,CURL
6,ANKH
7,JINK
6,AERY
10,RIAS
10,SNOT
10,LAMB
6,STAW
9,BOWS
10,RUTH
8,GAIT
8,HAME
8,OXID
15,WEAL
7,DRIB
14,KORE
10,RIDS
7,LAVE
8,RULY
6,UGHS
11,GUTS
5,LITE
8,UDON
8,NEGS
8,BARE
10,AWED
10,HAET
3,PREY
8,BRIN
9,MORS
8,MOWN
7,TROW
9,TERN
10,SLOB
11,FAIL
10,BUDS
12,PEDS
14,EMIR
17,SCAD
7,ZINE
7,FROM
11,TASK
9,LAZE
8,GOUT
15,FORT
6,ATOM
7,HOME
11,EPOS
14,VAST
7,UPBY
10,VELD
12,BIAS
13,RUES
9,VOLT
10,MESH
10,BEMA
4,BOPS
6,KERF
8,YOMP
9,CAVY
11,MUCK
10,BEAR
8,RAIL
9,SIFT
8,BARN
12,COWL
7,CUSK
8,BURA
11,ARTS
13,CALS
11,PINT
7,KOPH
9,THAE
11,MAST
9,TALC
6,OPAS
9,WOKE
10,SCAT
7,LETS
9,GIBE
6,HULA
10,GOSH
8,MUNI
8,SOIL
6,PREZ
6,SAFE
7,OBIA
9,YIDS
10,NEST
8,RITZ
8,CINQ
11,ARTY
6,LEKU
9,SLOB
8,SAIN
10,BEND
8,KAGU
10,LOUD
8,CHAO
8,LOGS
6,ANTI
8,RUMS
6,LIFT
9,IGLU
9,COPS
8,FRET
9,GIRO
8,SCAR
8,PALE
10,CURS
8,MOPS
8,PUGS
6,ARCH
10,MANS
11,POMS
9,MANE
8,GYPO
7,BECK
9,FIDO
7,FURS
7,FRET
6,FABS
7,TUFA
7,YUTZ
7,CAID
8,ZAPS
6,CASE
7,ZINE
7,NITE
7,BAWN
9,RECK
5,DAIS
9,YOKS
7,FILM
11,SWOP
8,DYNE
12,MIBS
10,DUKE
12,AGLU
18,TASE
12,ROTS
6,GASP
9,PING
5,MAZY
9,GUAR
7,AGER
7,SEMI
15,PANG
9,PEAN
11,FEDS
6,PLUG
8,KNOW
9,KNEW
10,WANT
11,BAWN
7,HYPO
13,EARS
12,GAMS
13,MELD
9,WHIP
8,FOUR
10,ETNA
8,PELT
13,BAIL
8,SHMO
11,SPEC
6,VULN
11,NOMS
10,PARE
10,CITE
7,NICE
9,ULAN
9,NILS
9,DOPA
7,SACK
7,FITS
11,URNS
6,FOLK
7,DOHS
9,VETS
9,ENUF
8,TICK
8,PUMA
12,OAFS
9,KERF
11,MOLD
6,DAFT
8,BETA
10,MACH
10,SPAM
8,LOGS
9,POLS
4,TUGS
16,ROVE
9,ZANY
8,KILT
5,WYND
10,LEKU
6,HUCK
7,LUNK
9,ORCA
14,LOCI
18,WEAR
8,ROPY
6,PODS
6,GHAT
7,BHUT
6,HUNG
8,FLEW
8,PLAY
10,COLD
9,URIC
10,SWIM
7,JIMP
9,OWLY
10,VITA
9,OUDS
9,DEWY
11,TOGA
11,DANG
9,EAUX
9,CHAD
10,TALE
4,ECUS
8,LOPE
9,FIDO
7,FEND
8,SHEW
8,MABE
7,FIAT
7,YOCK
7,SURD
10,ENUF
8,RIND
7,UMBO
9,MINX
8,VOLT
8,OIKS
8,GLUE
10,SLAW
9,ARES
9,GREY
8,DJIN
9,IGLU
12,DOXY
8,SELF
10,SLAW
14,SCUT
7,ILEA
10,SHIP
7,HYPE
7,LURK
10,MUGS
8,CHUG
6,POEM
9,HELD
5,WALY
7,TASE
8,VETS
8,CLEW
6,LEWD
11,NIXY
6,GUST
4,LIRA
13,LEND
11,AVID
6,BAHT
8,HADJ
7,RUNG
9,AILS
8,ZINS
5,SORI
6,YOGI
5,SWAY
9,COXA
4,WOMB
9,GAZE
12,GLOP
3,HYPO
7,DOLT
8,COGS
12,FEDS
9,LAVS
7,REDO
8,ZORI
7,POSY
10,LOSE
12,MICA
9,BANG
6,YOBS
7,CIST
7,BIRL
11,MIND
8,ORLE
11,NAPE
7,FRIG
8,HAST
11,KEPS
9,DORY
7,PAID
12,WERT
6,RUNT
10,PODS
12,NAES
7,ARBS
10,CEPS
7,DORS
5,MOLE
9,WIRY
13,SEAM
7,YUPS
9,HURT
10,RAIN
9,CABS
8,SAGE
8,HERD
9,CLUB
9,DAWK
7,SAGE
6,TREK
6,LUNG
9,MITE
8,ROIL
6,PTUI
8,DRUG
6,GIDS
7,CAMP
10,BOCK
8,BURA
8,SLIM
10,SWAG
8,AUKS
11,OGAM
13,PANS
9,RICE
11,TEDS
7,OPUS
6,TYPO
7,LAYS
13,JARL
8,SIDE
11,WAXY
6,BURK
7,SANK
13,CHEZ
7,VINA
7,AVER
12,TAIN
6,STAB
8,MURA
9,AUKS
8,SNAW
6,LUST
10,TOGS
11,BOTH
11,CLAW
6,YAWL
13,ARCH
9,WONK
9,ONLY
8,CULM
8,JIBS
8,AMBO
10,SIDE
10,FILO
6,SCAM
6,WORN
9,HETS
6,VEXT
6,CULM
8,FAUX
16,STEM
8,BATE
10,KAFS
10,NEWT
8,KAPU
16,SAGO
8,MOVE
11,ALOE
8,CAMO
7,MOUE
9,WORT
9,PLOY
9,VIAL
12,TABS
7,ATOM
10,CLAD
8,BOTH
9,PULK
9,MATS
7,YEUK
11,SATI
6,DORK
7,DUIT
7,LAKY
10,GNUS
6,DIAL
8,CITE
8,TYPO
7,DATO
8,HARD
8,GOUT
8,RUIN
6,RUES
6,SODA
11,MIDS
10,LARD
9,CLAN
18,UTES
6,MUNG
9,HUNG
7,GOJI
13,DUNS
9,DOUX
8,CROP
9,KOBS
10,SKEW
17,BAST
10,YACK
9,PLEX
9,MAIR
7,CHEZ
17,NOPE
10,CLOY
12,FILO
7,DUPE
9,SAGO
5,FISH
11,PLUS
8,YWIS
8,FACE
11,COSY
10,ARES
14,SPIN
10,RECK
5,FILK
8,BEAR
7,CAGY
6,IRON
7,ZEST
7,WICK
8,FANG
4,ECHT
10,FRAP
11,FEMS
5,VUGH
13,TEAK
9,IONS
8,PLOY
9,DAMP
10,SHOW
9,BODY
11,TEAS
11,CHAI
8,FEOD
9,ETCH
8,SANK
12,NOSH
10,FLUE
10,YUPS
10,PLEW
9,DASH
8,CAIN
11,SILD
6,BADS
8,OAST
11,FLEX
9,DUBS
8,QUIP
7,CLAM
9,BOGY
7,CZAR
8,TOLU
5,LOCI
10,FAYS
10,ARMS
11,WITE
11,EARS
9,HOUR
11,WAES
9,SLOG
8,OKES
11,NERD
8,ZAPS
13,REPS
8,KERB
14,TOES
9,MARK
8,RUSK
8,BUNK
10,SILD
6,CONI
6,WYES
5,RUSH
7,PHEW
6,MUSH
9,FORE
6,DEPS
14,HOBS
8,HULK
9,ZANY
7,MAYS
7,ZIGS
11,NEAT
7,PUNA
6,BUHR
11,SOTH
8,RASH
10,DOPE
9,MUSH
8,WORE
5,PIAS
7,PANS
13,NOME
8,CHAR
11,AIRT
9,THUS
7,PROS
7,PERK
9,HOER
6,DURO
7,CAKE
10,SWAT
8,YAGS
12,BIRL
10,BURN
12,POGY
8,SOUL
4,DJIN
10,FOIN
10,GARB
6,GAYS
5,EATS
9,SADI
9,ZOUK
4,PERV
13,MIRS
7,NEWS
9,GROT
12,CHON
10,MICE
7,SLUM
13,ZETA
8,BODY
10,FIAT
6,GLEN
6,BUTE
6,SECT
5,DUMB
6,TEGU
14,SHIN
10,LOWS
13,ROBE
7,OWED
8,GAWP
7,LOTS
8,LIAS
12,SHAW
8,NILS
13,ANIS
9,GOBS
10,MART
8,PROB
9,BREW
8,MILS
10,PONS
10,BIDS
7,PARK
10,WANE
6,MOPS
11,CARP
8,APOD
9,DREK
8,VIER
10,GIPS
11,GHAT
7,CAFS
7,WALE
6,SLUE
9,ARSE
6,TOUR
11,SOJA
8,PALM
10,BOAT
13,ILEX
5,TEPA
8,SOUR
10,DORY
9,KEFS
10,CORD
9,LOSE
7,WIFE
9,LADS
9,CARD
14,JARS
9,JIAO
10,FLEY
12,BEAD
10,REDO
8,BOWS
7,PLUM
9,PHOT
5,ALEC
7,TOLU
10,DREW
7,SUMI
15,SINH
11,SICK
7,RUSH
5,GAPY
9,GAPY
9,JOKE
8,IGLU
12,GIDS
10,PAGE
11,COLD
6,BEAU
8,ROCS
10,LORN
9,RUNS
7,SUMY
4,CADE
6,BIND
11,NUKE
8,TWOS
8,MAUD
7,RILE
7,SYBO
5,ROCS
8,SKIT
7,JISM
10,AHED
11,OWES
5,TECS
9,TOLA
5,LUCE
8,NURD
6,LIFE
10,BLOW
9,COLT
9,OPAL
6,YOCK
10,BEAD
14,JAIL
14,PHIS
9,SKAG
14,BANE
12,MAIL
7,BERG
6,WAND
5,RUMS
8,KADI
6,DOWN
9,FLAK
9,WOVE
11,QUAD
8,PUNG
7,KENS
7,TIER
6,PLEA
7,ROTS
3,READ
5,YAGI
8,BLIP
8,SUNK
5,AWED
9,WEFT
8,EATS
8,SPAT
10,LIER
9,COBS
12,YOWS
9,NOIL
8,THRO
7,QUAI
7,DOLS
9,CURS
8,NUTS
6,DAME
7,LICE
11,DOME
8,WINS
8,PECS
8,BOUT
8,PROA
11,ROLE
6,TONY
9,ETCH
11,KETO
10,TORI
11,BRIN
7,FEND
10,RUTS
9,HAWK
9,WHID
16,TEGS
11,PROF
8,DOUR
9,DOAT
11,OLDE
14,BATE
7,DOPE
7,COIN
12,HEAR
13,ROTS
6,RUBE
6,CUPS
13,PARD
11,PIKA
13,WABS
7,MILS
11,DONA
18,DACE
8,HIRE
6,FIRE
11,DOPE
4,CREW
8,GAUM
10,INFO
11,PETS
13,LADE
9,FRET
7,HAFT
9,FLIP
9,CAUL
14,FAIR
9,HIYA
17,ILEA
8,LUTZ
10,CONK
7,EBON
6,KERN
9,ECHO
12,HEAT
8,MOPE
7,ARTY
6,CORD
8,SKED
10,MAUT
7,LIMB
9,UNAI
10,CORE
8,PUTS
7,FLOW
9,LINT
9,TRAP
13,SADI
12,DAYS
7,SUBA
10,ANKH
9,TROD
6,HOBS
8,WIFE
8,IDEM
11,NOTE
8,ENOL
12,FISC
7,PIED
10,CORE
9,HINS
10,ROCS
8,HACK
7,AMIR
9,BEAR
10,SORB
17,SAGE
9,MILD
4,DOLE
14,SOWN
12,LWEI
10,FURS
5,PORN
8,ZONE
9,NOWS
6,BEAK
11,PION
8,MICA
14,DAGO
10,PERK
11,OKES
7,RUSE
12,PEIN
9,ROAM
7,DUIT
13,DONA
6,SOCK
8,BRAY
8,HEIL
14,ZAPS
11,FADE
6,MYNA
3,SAGO
9,RUTH
10,EMIC
6,MAIN
8,EXPO
7,MOTE
10,STIR
8,YECH
8,BOAR
6,PLAN
11,FANE
6,HYPE
10,SINH
11,IDES
9,ETUI
4,LUNK
8,UVEA
6,LUVS
7,DAWK
11,JUPE
7,FORT
12,SIKA
7,IMPS
8,BIZE
14,REAP
10,TACK
7,GRAB
8,PUNY
11,TURF
6,COLS
8,LORD
8,QUAG
13,CAPE
6,POWS
6,COAT
7,PENS
9,ZOEA
8,JIVE
14,STYE
9,DOGY
6,PHUT
8,WAUK
11,LITS
8,TUNS
8,DOCK
6,COST
9,POUT
6,DOGY
9,RAPS
8,TANS
13,RETS
7,PILE
7,XYST
9,DEVA
8,FRET
9,LIEN
7,GNAT
10,CAMS
13,FLAW
7,DUSK
9,EMIR
11,ARMY
9,DARK
6,HOYS
9,IDYL
9,IRES
9,BEDS
10,SOUK
7,JINK
8,MOXA
9,PROF
12,ORES
7,HULK
6,BIGS
8,WINK
8,GRAN
9,RAIN
8,TRES
9,IRON
9,OIKS
9,FADS
9,SILT
8,PUNG
9,HOSE
6,DUGS
9,HEMS
7,CURN
10,HITS
8,GROW
11,ROSY
6,CAPH
7,BUMP
7,LAKE
5,HELO
8,WISH
7,RIEL
8,DOUM
9,CLOP
8,CAMI
9,IDLY
7,YOUR
5,RANG
8,SNIT
7,URSA
10,JOTA
5,RAGS
8,OMAS
8,LWEI
7,BUHR
7,RIBS
8,ZYME
8,YIPE
9,DUBS
10,BRIM
7,MUNG
5,MOXA
12,LAIR
13,CATE
9,CORY
7,PROS
7,KOHL
9,CALX
10,BANG
6,MEOU
13,SWAY
12,RENT
12,CAGE
10,ANEW
10,JUBE
8,WAFT
9,BURS
10,HILT
8,AWOL
8,ICKY
11,RHUS
8,DUMA
9,AVOW
8,DAUB
13,OHMS
8,FALX
8,SOAR
8,PULA
10,HALM
8,REDS
6,FORM
10,LAVS
6,TAWS
7,PLEB
8,AMBO
9,RUES
7,DEWY
7,PLAT
7,GOLF
6,WEFT
8,PUKE
8,TAIL
10,ABYS
9,BIRL
9,TALK
7,JIMP
10,BEND
9,UPBY
9,WING
8,AVID
12,TECS
15,TAVS
9,GUDE
10,KNOW
12,WISE
8,TONG
13,OVER
10,ROTS
13,BIDE
14,FORE
15,WITS
8,BUSK
10,STEP
9,MORE
8,HOMA
4,HOGS
9,ICES
9,APED
9,CYAN
8,OLEA
7,NODI
11,SIKA
6,MILS
5,MORE
9,RIPE
6,PAID
10,STAG
7,HELP
7,YOBS
10,RANK
12,DEAL
8,CHID
8,MEND
8,LIME
12,DESI
8,AGLU
8,OLDS
10,GALS
8,ADZE
10,MARE
9,LUGE
7,PROG
8,VIER
13,SAGY
12,LACY
12,ZEDA
10,QUIT
7,TYKE
6,GOSH
7,MONS
12,DAZE
8,FEAT
6,BRIM
7,GLAD
10,OCHE
12,VENA
10,SARI
16,DRAW
8,BIRD
8,YIRD
8,CONS
8,TERM
11,COLD
16,SITE
7,BEAL
8,GORM
10,JURA
11,BIRL
6,TOPI
9,SIGH
10,LYRE
9,ROLF
7,UPAS
8,TEND
13,VIES
11,KITS
11,LANE
9,PACE
8,FLOW
7,WHAM
8,RUNT
9,NEAR
11,SMUT
11,MOPS
12,ZONE
9,CHIT
6,PORK
14,REST
8,FARO
8,BAUD
10,PADI
6,MODS
9,STOA
7,HUMS
8,QUAG
9,BOAT
11,LEAK
14,AFRO
7,AMUS
15,LENS
9,FOUR
9,LIES
6,ARTS
10,CODE
8,JAMB
9,TUBS
7,NEUK
13,ROVE
11,PEAG
10,CAVY
9,YAGE
9,KAGU
8,HEWN
7,WHYS
11,SAKE
10,CROW
9,TRIG
11,AXIL
6,BRIG
13,EGIS
8,HOLM
8,MUSO
8,AMIS
8,SEAL
7,DOTS
6,JAWS
6,LWEI
10,DEVI
11,PHIS
10,WALE
6,BODS
7,BRIM
10,FLUE
7,TEAR
8,KNUR
7,HUMP
6,MAUD
6,DREG
8,HOME
7,UPON
8,CORS
8,PLUS
9,LEFT
10,RUSK
9,TREF
8,DIRL
12,TOYS
8,GUST
8,SPIT
9,CORS
9,DEPS
11,HOUR
4,BASK
10,TIRE
14,MASH
11,ANEW
9,FAME
12,DIRT
10,PRAU
13,MARL
7,CRED
11,ZIPS
7,LODE
10,WYTE
7,HUED
6,EMIT
9,SPED
10,LEVO
10,GIRT
9,BIDS
10,BIRL
5,WHID
11,MEAL
12,SATE
6,NOMS
8,WENT
10,LOTS
9,DELF
10,KAYO
10,MOTS
7,GIEN
8,DREW
10,TORI
8,PARD
7,ALIT
7,PIKE
5,ZONE
6,SAGY
9,WILY
8,FAUX
12,APER
6,MEWL
5,COIF
8,VAGI
7,MUON
5,MIXT
8,CHAT
7,RIMS
8,NOIR
7,JUBA
9,NOTE
7,NUTS
7,RUIN
9,FOBS
7,BRAD
7,WORN
8,CABS
13,TARS
11,LATI
9,SKRY
12,SELF
8,UNCI
8,CAZH
8,JATO
8,MALE
9,SECT
7,KERN
6,KNOT
8,GAWP
7,TOPE
5,YINS
8,DAMP
7,GAWP
6,PROM
7,DONG
5,LUDE
15,SUMI
5,ROPY
9,HOLP
6,JUCO
6,ELMS
7,LOCH
6,TYKE
6,WRAP
9,UNCO
10,AZON
8,BASK
5,SPUN
7,BEVY
8,GAST
9,LUCE
9,GUNK
6,FLEY
7,BANG
8,CROW
10,PUMA
8,SUNK
8,ONUS
4,MIXT
11,LIST
8,ACYL
10,MARE
8,FILE
6,COXA
9,UREA
7,LAKY
18,FLEA
9,HEMP
8,PAIK
17,SKAG
12,DINS
9,LOSE
11,CONS
8,SAID
8,DRIB
5,SOUL
9,ARGH
7,BARM
9,ODEA
6,GACH
10,SLOE
9,TOWN
14,TWAE
11,SAME
5,MARC
12,FACE
5,TAPE
6,HOED
7,DOTH
7,ROPE
11,MADS
8,UVEA
7,PRAT
9,SALE
11,KENT
9,GOWD
12,PINT
12,AHIS
9,CERT
9,LOBS
7,LEST
7,CUBS
7,RUGS
3,WHIR
7,GRIP
5,LOID
7,MAWS
10,SORD
11,GORE
7,ZYME
9,POST
9,SUMO
8,MAES
9,TRUE
7,IAMB
6,SHOD
4,WAME
9,SHIT
11,SLOW
13,OCAS
10,JIRD
9,FUGS
7,GIFS
9,DACE
9,OATS
3,PEAR
7,CRUD
6,MOLA
11,HOWE
11,BUSK
7,WYCH
7,LASE
6,LEAP
9,CURD
10,BRAN
9,BIGS
11,SOUP
8,MIRK
14,TAWS
7,SONE
7,SCRY
5,GONE
7,SKAT
8,KAMI
7,JOTA
9,TARP
8,HAND
14,FART
12,WETA
9,NUGS
9,FIDS
10,GALS
8,SNYE
8,WORK
5,DOGY
10,CURL
7,YAWN
7,COST
9,OXID
15,NEMA
8,SLUR
7,SCAB
6,WILT
11,ANES
7,UPON
11,OVER
10,SUET
9,VEXT
7,WOES
11,FAWN
9,PLUG
6,JUBA
11,PALS
8,BLEW
11,APER
10,EAUX
15,HOES
9,ENVY
5,KNOP
7,PATS
10,NODE
6,GELS
11,HERB
7,RAIN
9,LIST
9,KIPS
8,DOMS
8,SIZE
12,EGOS
9,ROAD
11,ILKS
10,STUM
10,PHON
9,RAKI
8,BICE
9,BIRO
7,KHET
7,KITH
12,LYSE
7,WHAP
9,CORS
8,BIOG
13,BARE
4,MOIL
10,JOTA
10,CAST
7,HODS
5,WOAD
8,KITS
9,LEAN
9,JAUP
7,HOCK
10,NAOI
8,NEWB
12,PRIG
8,GLOB
11,TRAD
14,SEWN
7,HAYS
10,WIVE
7,TANG
10,TARN
6,HURT
9,DORM
8,FECK
10,LITE
13,OXES
9,NOES
12,SAKI
8,BORA
5,RAIN
7,GAEN
6,DOUM
7,DOGY
10,WOPS
8,FIRN
9,DART
9,APSE
7,WARP
7,DELT
6,RAYS
8,GRUB
9,KINO
13,MARS
8,MACK
9,CURB
6,FURY
14,PINE
7,GEUM
7,BEVY
6,BASH
5,NAIL
8,LEAR
6,YAGI
10,FLOW
9,KAYS
10,HETS
11,RATE
12,DAHS
8,ILEX
8,BONE
9,HOED
8,SPEW
8,SORA
8,BYRE
9,VIRL
11,LONE
10,PEGS
12,WARN
5,COIF
11,GOAT
8,DOWS
10,CEIL
11,RAKI
7,PATH
7,FRIG
12,OPES
8,CUPS
11,KENS
7,PINK
11,TURN
6,ELDS
11,TIAN
9,WEFT
7,SOMA
7,WEFT
10,CARN
6,TOLA
10,BOLE
12,MIGS
9,HERM
11,AXON
11,TRUG
7,ENOW
9,PAIR
12,YEAH
7,USED
7,LAHS
6,ZINC
6,ITEM
6,DUCE
8,DUIT
11,SEIF
7,YEUK
6,JIVY
8,MYTH
11,PUBS
14,OAST
8,GYNO
10,JAGS
6,PUTZ
11,ASHY
10,LATS
5,ORTS
9,TAHR
9,FARO
9,ZERK
7,BAGS
8,GUVS
9,GELT
10,LIMP
4,FLAX
8,JIBS
6,WANY
6,FLUS
8,OPAH
9,BURG
8,SIGN
8,FINO
7,FUMY
8,CLAP
12,OPES
8,DORM
7,LIER
7,AMYL
9,RAIN
12,DEAL
5,DOTS
15,HOSE
8,OKRA
8,CRIT
6,HOYA
10,JUGA
14,CANE
6,GONE
7,JILT
7,ELKS
10,JURA
10,PROB
10,OATH
10,ENGS
7,DOUX
11,ACED
8,PLOY
8,FORA
6,SCUD
9,DAME
8,JURY
5,ZEDA
10,WALY
6,HAEM
7,GOUT
9,SANK
7,RACK
10,LOAD
5,RUNE
8,FIGS
8,IDLY
9,SOAK
13,FENS
5,ZING
12,PLUS
6,TUGS
9,KVAS
8,OINK
11,GRAY
6,DECK
9,SOUP
12,RUSK
6,YUTZ
14,NAES
7,RACY
6,WHEY
9,BREW
7,ALTO
9,STEW
8,NUMB
10,THIN
8,DEFI
5,BADE
9,GUCK
8,LIEU
6,OVUM
6,SYPH
7,LONE
5,EARL
9,SOFA
7,BISE
7,TOMB
7,DINT
8,GAMB
6,CALO
9,ADOS
9,SAME
8,ANEW
7,CORD
10,SIAL
7,WOVE
10,PLEX
8,NAME
6,WAIT
12,TACE
18,GABS
9,DHAL
5,HEIL
10,BADS
3,CAKE
